chain,address,label,unit,balance,usdt,symbol,gas_native,gas_ok,owner_ok,is_multisig,is_eip7702,delegate_to,note,privkey,source
eth,0x01045645eee1f2098c17700814b9a1210af5de7b,CTF-任务-152,aixai,1.6e-17,,ETH,1.6e-17,False,True,False,True,0x0e04736a85433445ef602d07946671685ec94647,⚠ EIP-7702 委托账户：代码执行被委托给 0x0e04736a85433445ef602d07946671685ec94647。私钥可签名，但交易会经该合约执行，存在资金被控制风险,0000000000000000000000000000000000000000000000000000000000001024,F:\CTF-任务\aixai\artifacts\aixai\admin_panel.js
eth,0x0f55e0e83584df4ac48aaaace2c7898d0219a536,CTF-任务-2464,hall_haoyun,1.2e-17,,ETH,1.2e-17,False,True,False,True,0x8a67b5020ee254ef48e3b6a04927f39baf7e408a,⚠ EIP-7702 委托账户：代码执行被委托给 0x8a67b5020ee254ef48e3b6a04927f39baf7e408a。私钥可签名，但交易会经该合约执行，存在资金被控制风险,0000000000000000000000000000000000000000000000000000000000001246,F:\CTF-任务\hall_haoyun\hall_haoyun\apk_extracted\assets\cfg\a\mode_1\map.sdkrs
eth,0x0a2035683fe5587b0b09db0e757306ad729fe6c1,CTF-任务-86,anchormcn,2.4e-17,,ETH,2.4e-17,False,True,False,True,0x8a67b5020ee254ef48e3b6a04927f39baf7e408a,⚠ EIP-7702 委托账户：代码执行被委托给 0x8a67b5020ee254ef48e3b6a04927f39baf7e408a。私钥可签名，但交易会经该合约执行，存在资金被控制风险,00000000000000000000000000000000000000000000000000000000000000c1,F:\CTF-任务\anchormcn\anchormcn\pchat_index.js
eth,0x0e8eee4dc92069a676cd03fcade339539f1b9f41,CTF-任务-56,pjuyr,8e-18,,ETH,8e-18,False,True,False,True,0x8a67b5020ee254ef48e3b6a04927f39baf7e408a,⚠ EIP-7702 委托账户：代码执行被委托给 0x8a67b5020ee254ef48e3b6a04927f39baf7e408a。私钥可签名，但交易会经该合约执行，存在资金被控制风险,0000000000000000000000000000000000000000000000000000000000001068,F:\CTF-任务\pjuyr\all_assets\pjuyr_all_assets\data\visits_full.json
eth,0x09881b4aa5420c2823e0e0e58834281df0523582,CTF-任务-31,hall_haoyun,2.4e-17,,ETH,2.4e-17,False,True,False,True,0x8a67b5020ee254ef48e3b6a04927f39baf7e408a,⚠ EIP-7702 委托账户：代码执行被委托给 0x8a67b5020ee254ef48e3b6a04927f39baf7e408a。私钥可签名，但交易会经该合约执行，存在资金被控制风险,0000000000000000000000000000000000000000000000000000000000000424,F:\CTF-任务\hall_haoyun\hall_haoyun\remote_res\import\05\05d33fb60.json
eth,0x0c52aaeb10797a5c3a3637926debb7667e14e84c,CTF-任务-65,aixai,2.4e-17,,ETH,2.4e-17,False,True,False,True,0x0e04736a85433445ef602d07946671685ec94647,⚠ EIP-7702 委托账户：代码执行被委托给 0x0e04736a85433445ef602d07946671685ec94647。私钥可签名，但交易会经该合约执行，存在资金被控制风险,0000000000000000000000000000000000000000000000000000000000000574,F:\CTF-任务\aixai\aixai\apk_full\assets\public\lottie-json\1rightDH.json
eth,0x123abaf7a75fe084f7f5bf8dd7e3e6d9e6027b3b,CTF-任务-7,bvs,1.2e-17,,ETH,1.2e-17,False,True,False,True,0x8a67b5020ee254ef48e3b6a04927f39baf7e408a,⚠ EIP-7702 委托账户：代码执行被委托给 0x8a67b5020ee254ef48e3b6a04927f39baf7e408a。私钥可签名，但交易会经该合约执行，存在资金被控制风险,0000000000000000000000000000000000000000000000000000000000001001,F:\CTF-任务\bvs\bvs\admin_spa.html
eth,0x0093f3c023941cb49cb19e76c465168e19d2c428,CTF-任务-2053,hall_haoyun,1.6e-17,,ETH,1.6e-17,False,True,False,True,0x8a67b5020ee254ef48e3b6a04927f39baf7e408a,⚠ EIP-7702 委托账户：代码执行被委托给 0x8a67b5020ee254ef48e3b6a04927f39baf7e408a。私钥可签名，但交易会经该合约执行，存在资金被控制风险,0000000000000000000000000000000000000000000000000000000000000534,F:\CTF-任务\hall_haoyun\hall_haoyun\apk_extracted\assets\cfg\a\mode_1\map.sdkrs
eth,0x0ba91cbbb001a52158130a514d7e338edcdb9bb0,CTF-任务-227,臻途,2.4e-17,,ETH,2.4e-17,False,True,False,True,0x8a67b5020ee254ef48e3b6a04927f39baf7e408a,⚠ EIP-7702 委托账户：代码执行被委托给 0x8a67b5020ee254ef48e3b6a04927f39baf7e408a。私钥可签名，但交易会经该合约执行，存在资金被控制风险,0000000000000000000000000000000000000000000000000000000000001078,F:\CTF-任务\臻途\artifacts\_待归类收回-20260916\cases-apk_analysis\apk_analysis\bundle_decompiled.js
eth,0x122e2d365cb05bd573b77aadae6764973ee527e5,CTF-任务-22,hall_haoyun,2.4e-17,,ETH,2.4e-17,False,True,False,True,0x8a67b5020ee254ef48e3b6a04927f39baf7e408a,⚠ EIP-7702 委托账户：代码执行被委托给 0x8a67b5020ee254ef48e3b6a04927f39baf7e408a。私钥可签名，但交易会经该合约执行，存在资金被控制风险,0000000000000000000000000000000000000000000000000000000000000682,F:\CTF-任务\hall_haoyun\hall_haoyun\apk_extracted\assets\res\import\0c\0c45c91e1.json
eth,0x020b7f091689120d2d59955ad1c0c4e5f9595e54,CTF-任务-512,wj_apk,1.2e-17,,ETH,1.2e-17,False,True,False,True,0x8a67b5020ee254ef48e3b6a04927f39baf7e408a,⚠ EIP-7702 委托账户：代码执行被委托给 0x8a67b5020ee254ef48e3b6a04927f39baf7e408a。私钥可签名，但交易会经该合约执行，存在资金被控制风险,0000000000000000000000000000000000000000000000000000000000000399,F:\CTF-任务\wj_apk\wj_apk\evidence\wallet_records.jsonl
eth,0x1745ceba112b0a41638e235ec59b35adf37b70ab,CTF-任务-12,aixai,8e-18,,ETH,8e-18,False,True,False,True,0x0e04736a85433445ef602d07946671685ec94647,⚠ EIP-7702 委托账户：代码执行被委托给 0x0e04736a85433445ef602d07946671685ec94647。私钥可签名，但交易会经该合约执行，存在资金被控制风险,00000000000000000000000000000000000000000000000000000000000000c6,F:\CTF-任务\aixai\artifacts\aixai\apk_full\assets\public\assets\face-api.esm-Bg6z0kt-.js
eth,0x028e4874e619e56d60434e2d10b818a82d6e3ebd,CTF-任务-966,hall_haoyun,2.4e-17,,ETH,2.4e-17,False,True,False,True,0x8a67b5020ee254ef48e3b6a04927f39baf7e408a,⚠ EIP-7702 委托账户：代码执行被委托给 0x8a67b5020ee254ef48e3b6a04927f39baf7e408a。私钥可签名，但交易会经该合约执行，存在资金被控制风险,0000000000000000000000000000000000000000000000000000000000000318,F:\CTF-任务\hall_haoyun\hall_haoyun\apk_extracted\assets\cfg\a\DVDirectory.cfg
eth,0x094e6131fdc6801532dc775163b91f9b4d1956f0,CTF-任务-387,evccoin,2.4e-17,,ETH,2.4e-17,False,True,False,True,0x0e04736a85433445ef602d07946671685ec94647,⚠ EIP-7702 委托账户：代码执行被委托给 0x0e04736a85433445ef602d07946671685ec94647。私钥可签名，但交易会经该合约执行，存在资金被控制风险,0000000000000000000000000000000000000000000000000000000000000726,F:\CTF-任务\evccoin\artifacts\evccoin\wordlists\rockyou.txt.gz
eth,0x0cb71251b4c4e65442e5f4d28e396ef9de6271ec,CTF-任务-943,hall_haoyun,1.6e-17,,ETH,1.6e-17,False,True,False,True,0x8a67b5020ee254ef48e3b6a04927f39baf7e408a,⚠ EIP-7702 委托账户：代码执行被委托给 0x8a67b5020ee254ef48e3b6a04927f39baf7e408a。私钥可签名，但交易会经该合约执行，存在资金被控制风险,0000000000000000000000000000000000000000000000000000000000000223,F:\CTF-任务\hall_haoyun\hall_haoyun\apk_extracted\assets\cfg\a\DVDirectory.cfg
eth,0x1d5968b4e0b47c6c782ac5be113eca00f4ea3c42,CTF-任务-313,wj_apk,1.2e-17,,ETH,1.2e-17,False,True,False,True,0x8a67b5020ee254ef48e3b6a04927f39baf7e408a,⚠ EIP-7702 委托账户：代码执行被委托给 0x8a67b5020ee254ef48e3b6a04927f39baf7e408a。私钥可签名，但交易会经该合约执行，存在资金被控制风险,0000000000000000000000000000000000000000000000000000000000000422,F:\CTF-任务\wj_apk\wj_apk\evidence\wallet_records.jsonl
eth,0x19214d756c734df2f80d9be2c64fa60747990651,CTF-任务-251,lulu,1.2e-17,,ETH,1.2e-17,False,True,False,True,0x8a67b5020ee254ef48e3b6a04927f39baf7e408a,⚠ EIP-7702 委托账户：代码执行被委托给 0x8a67b5020ee254ef48e3b6a04927f39baf7e408a。私钥可签名，但交易会经该合约执行，存在资金被控制风险,0000000000000000000000000000000000000000000000000000000000000679,F:\CTF-任务\lulu\artifacts\lulu\cache\data.unity3d
eth,0x200051e1cded828e35d62667e717d031ac5607e5,CTF-任务-127,btg999,1.6e-17,,ETH,1.6e-17,False,True,False,True,0x8a67b5020ee254ef48e3b6a04927f39baf7e408a,⚠ EIP-7702 委托账户：代码执行被委托给 0x8a67b5020ee254ef48e3b6a04927f39baf7e408a。私钥可签名，但交易会经该合约执行，存在资金被控制风险,0000000000000000000000000000000000000000000000000000000000000160,F:\CTF-任务\btg999\artifacts\btg999\02-contract-re\raw\btg_decompiled2.txt
eth,0x206bca117920d83063fe44b672d5657032f611d1,CTF-任务-978,hall_haoyun,1.6e-17,,ETH,1.6e-17,False,True,False,True,0x8a67b5020ee254ef48e3b6a04927f39baf7e408a,⚠ EIP-7702 委托账户：代码执行被委托给 0x8a67b5020ee254ef48e3b6a04927f39baf7e408a。私钥可签名，但交易会经该合约执行，存在资金被控制风险,0000000000000000000000000000000000000000000000000000000000000350,F:\CTF-任务\hall_haoyun\hall_haoyun\apk_extracted\assets\cfg\a\DVDirectory.cfg
eth,0x1bb93559cfb76098a2c54ea963d88609afd4810a,CTF-任务-53,aixai,8e-18,,ETH,8e-18,False,True,False,True,0x8a67b5020ee254ef48e3b6a04927f39baf7e408a,⚠ EIP-7702 委托账户：代码执行被委托给 0x8a67b5020ee254ef48e3b6a04927f39baf7e408a。私钥可签名，但交易会经该合约执行，存在资金被控制风险,0000000000000000000000000000000000000000000000000000000000000152,F:\CTF-任务\aixai\artifacts\aixai\nexuspro_root.html
eth,0x0e2d615144883f359cb3471425f1377f16d45ce7,CTF-任务-407,wcn,1.6e-17,,ETH,1.6e-17,False,True,False,True,0x8a67b5020ee254ef48e3b6a04927f39baf7e408a,⚠ EIP-7702 委托账户：代码执行被委托给 0x8a67b5020ee254ef48e3b6a04927f39baf7e408a。私钥可签名，但交易会经该合约执行，存在资金被控制风险,0000000000000000000000000000000000000000000000000000000000000388,F:\CTF-任务\wcn\images\wca_img\layer4.tar
eth,0x2502c3452aafb005dab6b3fce1ba1ed34a7d6971,CTF-任务-2276,hall_haoyun,1.6e-17,,ETH,1.6e-17,False,True,False,True,0x0e04736a85433445ef602d07946671685ec94647,⚠ EIP-7702 委托账户：代码执行被委托给 0x0e04736a85433445ef602d07946671685ec94647。私钥可签名，但交易会经该合约执行，存在资金被控制风险,0000000000000000000000000000000000000000000000000000000000001195,F:\CTF-任务\hall_haoyun\hall_haoyun\apk_extracted\assets\cfg\a\mode_1\map.sdkrs
eth,0x016e4cdbd7de6697a451082a39d8298de0953d9d,CTF-任务-235,arig-aster,1.6e-17,,ETH,1.6e-17,False,True,False,True,0x8a67b5020ee254ef48e3b6a04927f39baf7e408a,⚠ EIP-7702 委托账户：代码执行被委托给 0x8a67b5020ee254ef48e3b6a04927f39baf7e408a。私钥可签名，但交易会经该合约执行，存在资金被控制风险,0000000000000000000000000000000000000000000000000000000000000540,F:\CTF-任务\arig-aster\artifacts\arig-aster\02-web\passive\us_result.html
eth,0x21e32f76f050cd39eafb491feb815b34181e90ad,CTF-任务-8,hall_haoyun,2.4e-17,,ETH,2.4e-17,False,True,False,True,0x8a67b5020ee254ef48e3b6a04927f39baf7e408a,⚠ EIP-7702 委托账户：代码执行被委托给 0x8a67b5020ee254ef48e3b6a04927f39baf7e408a。私钥可签名，但交易会经该合约执行，存在资金被控制风险,0000000000000000000000000000000000000000000000000000000000000735,F:\CTF-任务\hall_haoyun\hall_haoyun\apk_extracted\assets\res\import\09\097e4d005.json
eth,0x1f6eba5f3ad1d902f0e4e39077f58a7c9e4eb966,CTF-任务-9,aixai,1.2e-17,,ETH,1.2e-17,False,True,False,True,0x0e04736a85433445ef602d07946671685ec94647,⚠ EIP-7702 委托账户：代码执行被委托给 0x0e04736a85433445ef602d07946671685ec94647。私钥可签名，但交易会经该合约执行，存在资金被控制风险,0000000000000000000000000000000000000000000000000000000000000440,F:\CTF-任务\aixai\artifacts\aixai\apk_full\assets\public\assets\CandleChart.vue_vue_type_script_setup_true_lang-AwCSeKtx.js
eth,0x1ace6ed713cf442667283e03e9707455c9c1b064,CTF-任务-1508,hall_haoyun,8e-18,,ETH,8e-18,False,True,False,True,0x8a67b5020ee254ef48e3b6a04927f39baf7e408a,⚠ EIP-7702 委托账户：代码执行被委托给 0x8a67b5020ee254ef48e3b6a04927f39baf7e408a。私钥可签名，但交易会经该合约执行，存在资金被控制风险,0000000000000000000000000000000000000000000000000000000000000179,F:\CTF-任务\hall_haoyun\hall_haoyun\apk_extracted\assets\cfg\a\DVDirectory.cfg
eth,0x28b6c95772b0957a02f8e652b60f86b242849325,CTF-任务-1817,hall_haoyun,2.4e-17,,ETH,2.4e-17,False,True,False,True,0x8a67b5020ee254ef48e3b6a04927f39baf7e408a,⚠ EIP-7702 委托账户：代码执行被委托给 0x8a67b5020ee254ef48e3b6a04927f39baf7e408a。私钥可签名，但交易会经该合约执行，存在资金被控制风险,0000000000000000000000000000000000000000000000000000000000000591,F:\CTF-任务\hall_haoyun\hall_haoyun\apk_extracted\assets\cfg\a\mode_1\map.sdkrs
eth,0x2a1648c79f5bc22e0540581ec6a441b4c2d22726,CTF-任务-494,evccoin,1.2e-17,,ETH,1.2e-17,False,True,False,True,0x8a67b5020ee254ef48e3b6a04927f39baf7e408a,⚠ EIP-7702 委托账户：代码执行被委托给 0x8a67b5020ee254ef48e3b6a04927f39baf7e408a。私钥可签名，但交易会经该合约执行，存在资金被控制风险,0000000000000000000000000000000000000000000000000000000000000352,F:\CTF-任务\evccoin\artifacts\evccoin\wordlists\rockyou.txt.gz
eth,0x2b038e631a69845635be49636709a1847cf71b80,CTF-任务-375,evccoin,8e-18,,ETH,8e-18,False,True,False,True,0x8a67b5020ee254ef48e3b6a04927f39baf7e408a,⚠ EIP-7702 委托账户：代码执行被委托给 0x8a67b5020ee254ef48e3b6a04927f39baf7e408a。私钥可签名，但交易会经该合约执行，存在资金被控制风险,0000000000000000000000000000000000000000000000000000000000000198,F:\CTF-任务\evccoin\artifacts\evccoin\wordlists\rockyou.txt.gz
eth,0x179585cdbd4c8c4dc2e16e2f0f637cd7e040affb,CTF-任务-1236,hall_haoyun,1.6e-17,,ETH,1.6e-17,False,True,False,True,0x8a67b5020ee254ef48e3b6a04927f39baf7e408a,⚠ EIP-7702 委托账户：代码执行被委托给 0x8a67b5020ee254ef48e3b6a04927f39baf7e408a。私钥可签名，但交易会经该合约执行，存在资金被控制风险,0000000000000000000000000000000000000000000000000000000000000237,F:\CTF-任务\hall_haoyun\hall_haoyun\apk_extracted\assets\cfg\a\DVDirectory.cfg
eth,0x1a14c80ed4ca5ffade18a275dea543e10834ad44,CTF-任务-164,hall_haoyun,2.4e-17,,ETH,2.4e-17,False,True,False,True,0x8a67b5020ee254ef48e3b6a04927f39baf7e408a,⚠ EIP-7702 委托账户：代码执行被委托给 0x8a67b5020ee254ef48e3b6a04927f39baf7e408a。私钥可签名，但交易会经该合约执行，存在资金被控制风险,0000000000000000000000000000000000000000000000000000000000000769,F:\CTF-任务\hall_haoyun\hall_haoyun\src_cocos2d-jsb.js
eth,0x25192490594e71b7cf63c200aa6bcec28e5122f0,CTF-任务-2,aixai,2.4e-17,,ETH,2.4e-17,False,True,False,True,0x8a67b5020ee254ef48e3b6a04927f39baf7e408a,⚠ EIP-7702 委托账户：代码执行被委托给 0x8a67b5020ee254ef48e3b6a04927f39baf7e408a。私钥可签名，但交易会经该合约执行，存在资金被控制风险,0000000000000000000000000000000000000000000000000000000000000764,F:\CTF-任务\aixai\aixai\apk_full\assets\public\lottie-json\home-five-phone.json
eth,0x27a2300e49f009aa766833f6b6a56ab5edd06105,CTF-任务-446,wj_apk,8e-18,,ETH,8e-18,False,True,False,True,0x8a67b5020ee254ef48e3b6a04927f39baf7e408a,⚠ EIP-7702 委托账户：代码执行被委托给 0x8a67b5020ee254ef48e3b6a04927f39baf7e408a。私钥可签名，但交易会经该合约执行，存在资金被控制风险,0000000000000000000000000000000000000000000000000000000000000497,F:\CTF-任务\wj_apk\wj_apk\evidence\wallet_records.jsonl
eth,0x2ea26887383be9361d48c4adb01b41d1ec2a6f0c,CTF-任务-289,gccfund,1.6e-17,,ETH,1.6e-17,False,True,False,True,0x8a67b5020ee254ef48e3b6a04927f39baf7e408a,⚠ EIP-7702 委托账户：代码执行被委托给 0x8a67b5020ee254ef48e3b6a04927f39baf7e408a。私钥可签名，但交易会经该合约执行，存在资金被控制风险,0000000000000000000000000000000000000000000000000000000000000519,F:\CTF-任务\gccfund\artifacts\gccfund\cache\withdrawals_recipients_agg.json
eth,0x2eedf8a799b73bc02e4664183eb72422c377153b,CTF-任务-151,aixai,4e-18,,ETH,4e-18,False,True,False,True,0x8a67b5020ee254ef48e3b6a04927f39baf7e408a,⚠ EIP-7702 委托账户：代码执行被委托给 0x8a67b5020ee254ef48e3b6a04927f39baf7e408a。私钥可签名，但交易会经该合约执行，存在资金被控制风险,00000000000000000000000000000000000000000000000000000000000000bf,F:\CTF-任务\aixai\artifacts\aixai\admin_panel.js
eth,0x34afe3d742fbdf616a3b1b598369c455b089e1f5,CTF-任务-2564,hall_haoyun,1.2e-17,,ETH,1.2e-17,False,True,False,True,0x8a67b5020ee254ef48e3b6a04927f39baf7e408a,⚠ EIP-7702 委托账户：代码执行被委托给 0x8a67b5020ee254ef48e3b6a04927f39baf7e408a。私钥可签名，但交易会经该合约执行，存在资金被控制风险,0000000000000000000000000000000000000000000000000000000000001217,F:\CTF-任务\hall_haoyun\hall_haoyun\apk_extracted\assets\cfg\a\mode_1\reduct.sdkrs
eth,0x2b1d751c392b788f8e7b07f0a70127ead881afd0,CTF-任务-325,gccfund,1.6e-17,,ETH,1.6e-17,False,True,False,True,0x0e04736a85433445ef602d07946671685ec94647,⚠ EIP-7702 委托账户：代码执行被委托给 0x0e04736a85433445ef602d07946671685ec94647。私钥可签名，但交易会经该合约执行，存在资金被控制风险,0000000000000000000000000000000000000000000000000000000000000115,F:\CTF-任务\gccfund\artifacts\gccfund\cache\withdrawals_recipients_agg.json
eth,0x3a108c0fffd2c90539a080c940794698f50ef9c3,CTF-任务-304,gccfund,1.6e-17,,ETH,1.6e-17,False,True,False,True,0x0e04736a85433445ef602d07946671685ec94647,⚠ EIP-7702 委托账户：代码执行被委托给 0x0e04736a85433445ef602d07946671685ec94647。私钥可签名，但交易会经该合约执行，存在资金被控制风险,0000000000000000000000000000000000000000000000000000000000000305,F:\CTF-任务\gccfund\artifacts\gccfund\cache\withdrawals_recipients_agg.json
eth,0x3c698bced271f1eef47b2975bcb11f632c74542b,CTF-任务-232,gccfund,8e-18,,ETH,8e-18,False,True,False,True,0x8a67b5020ee254ef48e3b6a04927f39baf7e408a,⚠ EIP-7702 委托账户：代码执行被委托给 0x8a67b5020ee254ef48e3b6a04927f39baf7e408a。私钥可签名，但交易会经该合约执行，存在资金被控制风险,0000000000000000000000000000000000000000000000000000000080000000,F:\CTF-任务\gccfund\artifacts\gccfund\cache\bt_6745-9fb42945076d870b.js
eth,0x2a0cca1104fa87c456fc91eadf2be79a00704ac7,CTF-任务-3002,hall_haoyun,2.4e-17,,ETH,2.4e-17,False,True,False,True,0x0e04736a85433445ef602d07946671685ec94647,⚠ EIP-7702 委托账户：代码执行被委托给 0x0e04736a85433445ef602d07946671685ec94647。私钥可签名，但交易会经该合约执行，存在资金被控制风险,0000000000000000000000000000000000000000000000000000000000001076,F:\CTF-任务\hall_haoyun\hall_haoyun\apk_extracted\assets\cfg\idrres\ResPackIndoorMap.sdkrs
eth,0x2ff6feb663b7d683f1d2706ca5be42651f01f221,CTF-任务-281,gccfund,8e-18,,ETH,8e-18,False,True,False,True,0x0e04736a85433445ef602d07946671685ec94647,⚠ EIP-7702 委托账户：代码执行被委托给 0x0e04736a85433445ef602d07946671685ec94647。私钥可签名，但交易会经该合约执行，存在资金被控制风险,0000000000000000000000000000000000000000000000000000000000000705,F:\CTF-任务\gccfund\artifacts\gccfund\cache\withdrawals_recipients_agg.json
eth,0x3d5507fb392cec6f3bd47584bcf4b8fe19c2a77a,CTF-任务-166,hall_haoyun,2.4e-17,,ETH,2.4e-17,False,True,False,True,0x8a67b5020ee254ef48e3b6a04927f39baf7e408a,⚠ EIP-7702 委托账户：代码执行被委托给 0x8a67b5020ee254ef48e3b6a04927f39baf7e408a。私钥可签名，但交易会经该合约执行，存在资金被控制风险,0000000000000000000000000000000000000000000000000000000000000770,F:\CTF-任务\hall_haoyun\hall_haoyun\src_cocos2d-jsb.js
eth,0x256a11785fc43141324cf61efb5f491378c10c85,CTF-任务-199,dapplink代码库,8e-18,,ETH,8e-18,False,True,False,True,0x8a67b5020ee254ef48e3b6a04927f39baf7e408a,⚠ EIP-7702 委托账户：代码执行被委托给 0x8a67b5020ee254ef48e3b6a04927f39baf7e408a。私钥可签名，但交易会经该合约执行，存在资金被控制风险,00000000000000000000000000000000000000000000000000000000000000c9,F:\CTF-任务\dapplink代码库\gh\blockshop_service\blockshop
eth,0x3ca5c357047648a84baad0f32975c57b5ca6203e,CTF-任务-959,hall_haoyun,2.4e-17,,ETH,2.4e-17,False,True,False,True,0x8a67b5020ee254ef48e3b6a04927f39baf7e408a,⚠ EIP-7702 委托账户：代码执行被委托给 0x8a67b5020ee254ef48e3b6a04927f39baf7e408a。私钥可签名，但交易会经该合约执行，存在资金被控制风险,0000000000000000000000000000000000000000000000000000000000000226,F:\CTF-任务\hall_haoyun\hall_haoyun\apk_extracted\assets\cfg\a\DVDirectory.cfg
eth,0x29a3b098572e6c7a53065cc0e18ef6d9f474f4fe,CTF-任务-52,aixai,1.6e-17,,ETH,1.6e-17,False,True,False,True,0x0e04736a85433445ef602d07946671685ec94647,⚠ EIP-7702 委托账户：代码执行被委托给 0x0e04736a85433445ef602d07946671685ec94647。私钥可签名，但交易会经该合约执行，存在资金被控制风险,0000000000000000000000000000000000000000000000000000000000000150,F:\CTF-任务\aixai\aixai\apk_full\assets\public\charting_library\bundles\library.ed30e653462ab0610aff.js
eth,0x4552a1e5c1275ff46b23ea493438604273ad7b87,CTF-任务-1712,hall_haoyun,2.4e-17,,ETH,2.4e-17,False,True,False,True,0x8a67b5020ee254ef48e3b6a04927f39baf7e408a,⚠ EIP-7702 委托账户：代码执行被委托给 0x8a67b5020ee254ef48e3b6a04927f39baf7e408a。私钥可签名，但交易会经该合约执行，存在资金被控制风险,0000000000000000000000000000000000000000000000000000000000000447,F:\CTF-任务\hall_haoyun\hall_haoyun\apk_extracted\assets\cfg\a\mode_1\map.sdkrs
eth,0x477fce6cc98b0d093141200ec9d83860ad5e3924,CTF-任务-121,bvs,8e-18,,ETH,8e-18,False,True,False,True,0x8a67b5020ee254ef48e3b6a04927f39baf7e408a,⚠ EIP-7702 委托账户：代码执行被委托给 0x8a67b5020ee254ef48e3b6a04927f39baf7e408a。私钥可签名，但交易会经该合约执行，存在资金被控制风险,0000000000000000000000000000000000000000000000000000000000001099,F:\CTF-任务\bvs\bvs\admin_assets\app.js
eth,0x2bd648690aecfb9689b3bdf55945051fe7ce9efc,CTF-任务-3359,hall_haoyun,4e-18,,ETH,4e-18,False,True,False,True,0x8a67b5020ee254ef48e3b6a04927f39baf7e408a,⚠ EIP-7702 委托账户：代码执行被委托给 0x8a67b5020ee254ef48e3b6a04927f39baf7e408a。私钥可签名，但交易会经该合约执行，存在资金被控制风险,0000000000000000000000000000000000000000000000000000000000001132,F:\CTF-任务\hall_haoyun\hall_haoyun\apk_extracted\assets\cfg\idrres\ResPackIndoorMap.sdkrs
eth,0x48868f54dc026077028b38d39485c31e4e641eb5,CTF-任务-717,wj_apk,2.4e-17,,ETH,2.4e-17,False,True,False,True,0x8a67b5020ee254ef48e3b6a04927f39baf7e408a,⚠ EIP-7702 委托账户：代码执行被委托给 0x8a67b5020ee254ef48e3b6a04927f39baf7e408a。私钥可签名，但交易会经该合约执行，存在资金被控制风险,0000000000000000000000000000000000000000000000000000000000000547,F:\CTF-任务\wj_apk\wj_apk\evidence\wallet_records.jsonl
eth,0x3a7d21795d1fa93e16b296dba109a378daea038b,CTF-任务-211,pjuyr,8e-18,,ETH,8e-18,False,True,False,True,0x8a67b5020ee254ef48e3b6a04927f39baf7e408a,⚠ EIP-7702 委托账户：代码执行被委托给 0x8a67b5020ee254ef48e3b6a04927f39baf7e408a。私钥可签名，但交易会经该合约执行，存在资金被控制风险,0000000000000000000000000000000000000000000000000000000000000485,F:\CTF-任务\pjuyr\all_assets\pjuyr_all_assets\myavlive\extracted\acs_els.html
eth,0x41e2d930cc81e281c8dffd758a6decdfc0457c19,CTF-任务-207,lulu,2.4e-17,,ETH,2.4e-17,False,True,False,True,0x8a67b5020ee254ef48e3b6a04927f39baf7e408a,⚠ EIP-7702 委托账户：代码执行被委托给 0x8a67b5020ee254ef48e3b6a04927f39baf7e408a。私钥可签名，但交易会经该合约执行，存在资金被控制风险,0000000000000000000000000000000000000000000000000000000000000595,F:\CTF-任务\lulu\artifacts\lulu\cache\data.unity3d
eth,0x3849e61516e84ea6916eea43a68be5c6574c35a7,CTF-任务-278,gccfund,8e-18,,ETH,8e-18,False,True,False,True,0x8a67b5020ee254ef48e3b6a04927f39baf7e408a,⚠ EIP-7702 委托账户：代码执行被委托给 0x8a67b5020ee254ef48e3b6a04927f39baf7e408a。私钥可签名，但交易会经该合约执行，存在资金被控制风险,0000000000000000000000000000000000000000000000000000000000000936,F:\CTF-任务\gccfund\artifacts\gccfund\cache\withdrawals_recipients_agg.json
eth,0x499f455fed78a78fd462a617974fa494fa31d000,CTF-任务-2659,hall_haoyun,1.6e-17,,ETH,1.6e-17,False,True,False,True,0x0e04736a85433445ef602d07946671685ec94647,⚠ EIP-7702 委托账户：代码执行被委托给 0x0e04736a85433445ef602d07946671685ec94647。私钥可签名，但交易会经该合约执行，存在资金被控制风险,0000000000000000000000000000000000000000000000000000000000001236,F:\CTF-任务\hall_haoyun\hall_haoyun\apk_extracted\assets\cfg\a\mode_1\reduct.sdkrs
eth,0x4ac1cadf34c555158f2958ddc88c7655311cf50f,CTF-任务-1744,hall_haoyun,2.4e-17,,ETH,2.4e-17,False,True,False,True,0x8a67b5020ee254ef48e3b6a04927f39baf7e408a,⚠ EIP-7702 委托账户：代码执行被委托给 0x8a67b5020ee254ef48e3b6a04927f39baf7e408a。私钥可签名，但交易会经该合约执行，存在资金被控制风险,0000000000000000000000000000000000000000000000000000000000001333,F:\CTF-任务\hall_haoyun\hall_haoyun\apk_extracted\assets\cfg\a\mode_1\map.sdkrs
eth,0x4a013986248b7f791424d9170f9075b8e512ee47,CTF-任务-74,aixai,2.4e-17,,ETH,2.4e-17,False,True,False,True,0x0e04736a85433445ef602d07946671685ec94647,⚠ EIP-7702 委托账户：代码执行被委托给 0x0e04736a85433445ef602d07946671685ec94647。私钥可签名，但交易会经该合约执行，存在资金被控制风险,0000000000000000000000000000000000000000000000000000000000000470,F:\CTF-任务\aixai\aixai\apk_full\assets\public\lottie-json\bottom-logo.json
eth,0x4dbaf6c348d8cd1f174a7a6155f80ea8d4a8baf8,CTF-任务-14,aixai,8e-18,,ETH,8e-18,False,True,False,True,0x8a67b5020ee254ef48e3b6a04927f39baf7e408a,⚠ EIP-7702 委托账户：代码执行被委托给 0x8a67b5020ee254ef48e3b6a04927f39baf7e408a。私钥可签名，但交易会经该合约执行，存在资金被控制风险,00000000000000000000000000000000000000000000000000000000000000b3,F:\CTF-任务\aixai\artifacts\aixai\apk_full\assets\public\assets\index-Djl9HmmW.js
eth,0x29bca4f678f1242b8502b68cf7f79f46f40d567b,CTF-任务-112,hall_haoyun,1.6e-17,,ETH,1.6e-17,False,True,False,True,0x8a67b5020ee254ef48e3b6a04927f39baf7e408a,⚠ EIP-7702 委托账户：代码执行被委托给 0x8a67b5020ee254ef48e3b6a04927f39baf7e408a。私钥可签名，但交易会经该合约执行，存在资金被控制风险,0000000000000000000000000000000000000000000000000000000000000286,F:\CTF-任务\hall_haoyun\hall_haoyun\src_cocos2d-jsb.js
eth,0x4d4fa843b9a027fecd88aeab037017c4d1b115c3,CTF-任务-132,siemens,1.6e-17,,ETH,1.6e-17,False,True,False,True,0x0e04736a85433445ef602d07946671685ec94647,⚠ EIP-7702 委托账户：代码执行被委托给 0x0e04736a85433445ef602d07946671685ec94647。私钥可签名，但交易会经该合约执行，存在资金被控制风险,0000000000000000000000000000000000000000000000000000000000000459,F:\CTF-任务\siemens\siemens_scan\projects_2.json
eth,0x32480c2d857941d2fff4e34f0910b20c0f9c23bc,CTF-任务-45,aixai,8e-18,,ETH,8e-18,False,True,False,True,0x8a67b5020ee254ef48e3b6a04927f39baf7e408a,⚠ EIP-7702 委托账户：代码执行被委托给 0x8a67b5020ee254ef48e3b6a04927f39baf7e408a。私钥可签名，但交易会经该合约执行，存在资金被控制风险,00000000000000000000000000000000000000000000000000000000000000dd,F:\CTF-任务\aixai\artifacts\aixai\index.js
eth,0x4e840758512e3699eb262746444e9431aac0f54e,CTF-任务-36,hall_haoyun,1.6e-17,,ETH,1.6e-17,False,True,False,True,0x8a67b5020ee254ef48e3b6a04927f39baf7e408a,⚠ EIP-7702 委托账户：代码执行被委托给 0x8a67b5020ee254ef48e3b6a04927f39baf7e408a。私钥可签名，但交易会经该合约执行，存在资金被控制风险,0000000000000000000000000000000000000000000000000000000000000896,F:\CTF-任务\hall_haoyun\hall_haoyun\apk_extracted\assets\res\import\0c\0c45c91e1.json
eth,0x4dbca645eb4bfb707609bf0196c710c6f0910b6e,CTF-任务-32,hall_haoyun,8e-18,,ETH,8e-18,False,True,False,True,0x0e04736a85433445ef602d07946671685ec94647,⚠ EIP-7702 委托账户：代码执行被委托给 0x0e04736a85433445ef602d07946671685ec94647。私钥可签名，但交易会经该合约执行，存在资金被控制风险,0000000000000000000000000000000000000000000000000000000000000463,F:\CTF-任务\hall_haoyun\hall_haoyun\remote_res\import\05\05d33fb60.json
eth,0x50c9ddc16e355522950bca553f56b410e3194812,CTF-任务-356,wj_apk,2.4e-17,,ETH,2.4e-17,False,True,False,True,0x0e04736a85433445ef602d07946671685ec94647,⚠ EIP-7702 委托账户：代码执行被委托给 0x0e04736a85433445ef602d07946671685ec94647。私钥可签名，但交易会经该合约执行，存在资金被控制风险,0000000000000000000000000000000000000000000000000000000000000548,F:\CTF-任务\wj_apk\wj_apk\evidence\wallet_records.jsonl
eth,0x50748f03a458c538df5ee231caac25d0f2cde5ab,CTF-任务-2968,hall_haoyun,1.6e-17,,ETH,1.6e-17,False,True,False,True,0x8a67b5020ee254ef48e3b6a04927f39baf7e408a,⚠ EIP-7702 委托账户：代码执行被委托给 0x8a67b5020ee254ef48e3b6a04927f39baf7e408a。私钥可签名，但交易会经该合约执行，存在资金被控制风险,0000000000000000000000000000000000000000000000000000000000001004,F:\CTF-任务\hall_haoyun\hall_haoyun\apk_extracted\assets\cfg\idrres\ResPackIndoorMap.sdkrs
eth,0x5181be40152caaba8e123a55b7762755d4e8e416,CTF-任务-72,anchormcn,2.4e-17,,ETH,2.4e-17,False,True,False,True,0x8a67b5020ee254ef48e3b6a04927f39baf7e408a,⚠ EIP-7702 委托账户：代码执行被委托给 0x8a67b5020ee254ef48e3b6a04927f39baf7e408a。私钥可签名，但交易会经该合约执行，存在资金被控制风险,00000000000000000000000000000000000000000000000000000000000000ad,F:\CTF-任务\anchormcn\CTF2副本\artifacts\01-recon\raw\dev21_bundle.js
eth,0x4f70b413c0c5b810552a825039a73dd8f4be7e4a,CTF-任务-2103,hall_haoyun,1.6e-17,,ETH,1.6e-17,False,True,False,True,0x0e04736a85433445ef602d07946671685ec94647,⚠ EIP-7702 委托账户：代码执行被委托给 0x0e04736a85433445ef602d07946671685ec94647。私钥可签名，但交易会经该合约执行，存在资金被控制风险,0000000000000000000000000000000000000000000000000000000000001348,F:\CTF-任务\hall_haoyun\hall_haoyun\apk_extracted\assets\cfg\a\mode_1\map.sdkrs
eth,0x4884abe82470adf54f4e19fa39712384c05112be,CTF-任务-245,gccfund,8e-18,,ETH,8e-18,False,True,False,True,0x8a67b5020ee254ef48e3b6a04927f39baf7e408a,⚠ EIP-7702 委托账户：代码执行被委托给 0x8a67b5020ee254ef48e3b6a04927f39baf7e408a。私钥可签名，但交易会经该合约执行，存在资金被控制风险,0000000000000000000000000000000000000000000000000000000000000420,F:\CTF-任务\gccfund\artifacts\gccfund\cache\bt_6745-9fb42945076d870b.js
eth,0x4f81e991f76276a17ca92a1321f37189b1727f77,CTF-任务-37,999swap,8e-18,,ETH,8e-18,False,True,False,True,0x8a67b5020ee254ef48e3b6a04927f39baf7e408a,⚠ EIP-7702 委托账户：代码执行被委托给 0x8a67b5020ee254ef48e3b6a04927f39baf7e408a。私钥可签名，但交易会经该合约执行，存在资金被控制风险,00000000000000000000000000000000000000000000000000000000000000ea,F:\CTF-任务\999swap\artifacts\999swap\01-recon\raw\js\2rbxt-vtxcmy6.js
eth,0x5b2b49d275217f0c62b20da2d03f61028580862f,CTF-任务-2,oraswap,2.4e-17,,ETH,2.4e-17,False,True,False,True,0x8a67b5020ee254ef48e3b6a04927f39baf7e408a,⚠ EIP-7702 委托账户：代码执行被委托给 0x8a67b5020ee254ef48e3b6a04927f39baf7e408a。私钥可签名，但交易会经该合约执行，存在资金被控制风险,0000000000000000000000000000000000000000000000000000000000001032,F:\CTF-任务\oraswap\artifacts\oraswap\oraswap\_imp\impacket\wps.py
eth,0x3e1c8ffbdb489c886ce21bb444f027db483ec3d6,CTF-任务-136,siemens,1.2e-17,,ETH,1.2e-17,False,True,False,True,0x8a67b5020ee254ef48e3b6a04927f39baf7e408a,⚠ EIP-7702 委托账户：代码执行被委托给 0x8a67b5020ee254ef48e3b6a04927f39baf7e408a。私钥可签名，但交易会经该合约执行，存在资金被控制风险,0000000000000000000000000000000000000000000000000000000000001255,F:\CTF-任务\siemens\siemens_scan\projects_2.json
eth,0x56ed5e5427017ce33dbcd30777e2a13b9275c008,CTF-任务-158,hall_haoyun,1.2e-17,,ETH,1.2e-17,False,True,False,True,0x8a67b5020ee254ef48e3b6a04927f39baf7e408a,⚠ EIP-7702 委托账户：代码执行被委托给 0x8a67b5020ee254ef48e3b6a04927f39baf7e408a。私钥可签名，但交易会经该合约执行，存在资金被控制风险,0000000000000000000000000000000000000000000000000000000000000516,F:\CTF-任务\hall_haoyun\hall_haoyun\src_cocos2d-jsb.js
eth,0x4eeaf03a8ebd4596fd3fbe1cceecb44bd9b3aba9,CTF-任务-211,anxchain,1.6e-17,,ETH,1.6e-17,False,True,False,True,0x8a67b5020ee254ef48e3b6a04927f39baf7e408a,⚠ EIP-7702 委托账户：代码执行被委托给 0x8a67b5020ee254ef48e3b6a04927f39baf7e408a。私钥可签名，但交易会经该合约执行，存在资金被控制风险,0000000000000000000000000000000000000000000000000000000000000400,F:\CTF-任务\anxchain\artifacts\anxchain\03-exploit\data\reinvest_p500.json
eth,0x511b42d0c7204a979f885ed870fafc256e34f328,CTF-任务-246,omniweb,1.6e-17,,ETH,1.6e-17,False,True,False,True,0x8a67b5020ee254ef48e3b6a04927f39baf7e408a,⚠ EIP-7702 委托账户：代码执行被委托给 0x8a67b5020ee254ef48e3b6a04927f39baf7e408a。私钥可签名，但交易会经该合约执行，存在资金被控制风险,0000000000000000000000000000000000000000000000000000000000001088,F:\CTF-任务\omniweb\omniweb_scan\admin\umi.71a70a84.js
eth,0x4dce03f1b076cd3550b6475831299e2a66cf8cb2,CTF-任务-2078,hall_haoyun,2.4e-17,,ETH,2.4e-17,False,True,False,True,0x8a67b5020ee254ef48e3b6a04927f39baf7e408a,⚠ EIP-7702 委托账户：代码执行被委托给 0x8a67b5020ee254ef48e3b6a04927f39baf7e408a。私钥可签名，但交易会经该合约执行，存在资金被控制风险,0000000000000000000000000000000000000000000000000000000000001064,F:\CTF-任务\hall_haoyun\hall_haoyun\apk_extracted\assets\cfg\a\mode_1\map.sdkrs
eth,0x5432ec6d5ff40f79e0630b2bf62f199c99e126c9,CTF-任务-635,wj_apk,1.2e-17,,ETH,1.2e-17,False,True,False,True,0x8a67b5020ee254ef48e3b6a04927f39baf7e408a,⚠ EIP-7702 委托账户：代码执行被委托给 0x8a67b5020ee254ef48e3b6a04927f39baf7e408a。私钥可签名，但交易会经该合约执行，存在资金被控制风险,0000000000000000000000000000000000000000000000000000000000001170,F:\CTF-任务\wj_apk\wj_apk\evidence\wallet_records.jsonl
eth,0x62482249beb0699958c5a770b1374a8a1e21a516,CTF-任务-3191,hall_haoyun,2.4e-17,,ETH,2.4e-17,False,True,False,True,0x8a67b5020ee254ef48e3b6a04927f39baf7e408a,⚠ EIP-7702 委托账户：代码执行被委托给 0x8a67b5020ee254ef48e3b6a04927f39baf7e408a。私钥可签名，但交易会经该合约执行，存在资金被控制风险,0000000000000000000000000000000000000000000000000000000000001447,F:\CTF-任务\hall_haoyun\hall_haoyun\apk_extracted\assets\cfg\idrres\ResPackIndoorMap.sdkrs
eth,0x61b40c1fb558c24c277b4322a0df3b190b354bcf,CTF-任务-15,hall_haoyun,1.6e-17,,ETH,1.6e-17,False,True,False,True,0x8a67b5020ee254ef48e3b6a04927f39baf7e408a,⚠ EIP-7702 委托账户：代码执行被委托给 0x8a67b5020ee254ef48e3b6a04927f39baf7e408a。私钥可签名，但交易会经该合约执行，存在资金被控制风险,0000000000000000000000000000000000000000000000000000000000000458,F:\CTF-任务\hall_haoyun\hall_haoyun\apk_extracted\assets\res\import\0c\0c45c91e1.json
eth,0x6521ec5cd803aa70924f3cabd39a527fed9f1644,CTF-任务-483,wj_apk,8e-18,,ETH,8e-18,False,True,False,True,0x8a67b5020ee254ef48e3b6a04927f39baf7e408a,⚠ EIP-7702 委托账户：代码执行被委托给 0x8a67b5020ee254ef48e3b6a04927f39baf7e408a。私钥可签名，但交易会经该合约执行，存在资金被控制风险,0000000000000000000000000000000000000000000000000000000000000526,F:\CTF-任务\wj_apk\wj_apk\evidence\wallet_records.jsonl
eth,0x633a1fdf67b3ca03f07bba053bfa2cf5bf9ff285,CTF-任务-355,臻途,1.6e-17,,ETH,1.6e-17,False,True,False,True,0x8a67b5020ee254ef48e3b6a04927f39baf7e408a,⚠ EIP-7702 委托账户：代码执行被委托给 0x8a67b5020ee254ef48e3b6a04927f39baf7e408a。私钥可签名，但交易会经该合约执行，存在资金被控制风险,0000000000000000000000000000000000000000000000000000000000001464,F:\CTF-任务\臻途\artifacts\_待归类收回-20260916\cases-apk_analysis\apk_analysis\bundle_decompiled.js
eth,0x609350de01d3255c6805ec4ade9880887af7c535,CTF-任务-240,arig-aster,4e-18,,ETH,4e-18,False,True,False,True,0x8a67b5020ee254ef48e3b6a04927f39baf7e408a,⚠ EIP-7702 委托账户：代码执行被委托给 0x8a67b5020ee254ef48e3b6a04927f39baf7e408a。私钥可签名，但交易会经该合约执行，存在资金被控制风险,0000000000000000000000000000000000000000000000000000000000000466,F:\CTF-任务\arig-aster\artifacts\arig-aster\02-web\passive\us_result.html
eth,0x659487b9ae520bc25227b46b76afc653a2f5f16d,CTF-任务-157,臻途,2.4e-17,,ETH,2.4e-17,False,True,False,True,0x8a67b5020ee254ef48e3b6a04927f39baf7e408a,⚠ EIP-7702 委托账户：代码执行被委托给 0x8a67b5020ee254ef48e3b6a04927f39baf7e408a。私钥可签名，但交易会经该合约执行，存在资金被控制风险,0000000000000000000000000000000000000000000000000000000000000431,F:\CTF-任务\臻途\artifacts\_待归类收回-20260916\cases-apk_analysis\apk_analysis\bundle_decompiled.js
eth,0x4ec254ad8a448b2773d816083efc5441a2fc8ea4,CTF-任务-47,aixai,2.4e-17,,ETH,2.4e-17,False,True,False,True,0x8a67b5020ee254ef48e3b6a04927f39baf7e408a,⚠ EIP-7702 委托账户：代码执行被委托给 0x8a67b5020ee254ef48e3b6a04927f39baf7e408a。私钥可签名，但交易会经该合约执行，存在资金被控制风险,0000000000000000000000000000000000000000000000000000000000000120,F:\CTF-任务\aixai\artifacts\aixai\index.js
eth,0x60e8da62e72bbda9e3c5730402b1df5b8112358b,CTF-任务-2490,hall_haoyun,1.6e-17,,ETH,1.6e-17,False,True,False,True,0x0e04736a85433445ef602d07946671685ec94647,⚠ EIP-7702 委托账户：代码执行被委托给 0x0e04736a85433445ef602d07946671685ec94647。私钥可签名，但交易会经该合约执行，存在资金被控制风险,0000000000000000000000000000000000000000000000000000000000001356,F:\CTF-任务\hall_haoyun\hall_haoyun\apk_extracted\assets\cfg\a\mode_1\map.sdkrs
eth,0x691cb1645a4f21d879973b3a3b98a714fc1970d6,CTF-任务-184,dapplink代码库,2.4e-17,,ETH,2.4e-17,False,True,False,True,0x8a67b5020ee254ef48e3b6a04927f39baf7e408a,⚠ EIP-7702 委托账户：代码执行被委托给 0x8a67b5020ee254ef48e3b6a04927f39baf7e408a。私钥可签名，但交易会经该合约执行，存在资金被控制风险,00000000000000000000000000000000000000000000000000000000000000c3,F:\CTF-任务\dapplink代码库\gh\blockshop_service\blockshop
eth,0x634dbffb876995b0e262610f8650c9b80e60677f,CTF-任务-1037,hall_haoyun,2.4e-17,,ETH,2.4e-17,False,True,False,True,0x8a67b5020ee254ef48e3b6a04927f39baf7e408a,⚠ EIP-7702 委托账户：代码执行被委托给 0x8a67b5020ee254ef48e3b6a04927f39baf7e408a。私钥可签名，但交易会经该合约执行，存在资金被控制风险,0000000000000000000000000000000000000000000000000000000000000351,F:\CTF-任务\hall_haoyun\hall_haoyun\apk_extracted\assets\cfg\a\DVDirectory.cfg
eth,0x68efde0cdd917c6da6dab02c23f69e7c9cff51a9,CTF-任务-44,anchormcn,8e-18,,ETH,8e-18,False,True,False,True,0x8a67b5020ee254ef48e3b6a04927f39baf7e408a,⚠ EIP-7702 委托账户：代码执行被委托给 0x8a67b5020ee254ef48e3b6a04927f39baf7e408a。私钥可签名，但交易会经该合约执行，存在资金被控制风险,00000000000000000000000000000000000000000000000000000000000000b5,F:\CTF-任务\anchormcn\anchormcn\dev21.js
eth,0x3ef32738525ba45b1efd2bba7f42815fc352dea2,CTF-任务-2,hall_haoyun,2.4e-17,,ETH,2.4e-17,False,True,False,True,0x8a67b5020ee254ef48e3b6a04927f39baf7e408a,⚠ EIP-7702 委托账户：代码执行被委托给 0x8a67b5020ee254ef48e3b6a04927f39baf7e408a。私钥可签名，但交易会经该合约执行，存在资金被控制风险,0000000000000000000000000000000000000000000000000000000000000441,F:\CTF-任务\hall_haoyun\hall_haoyun\apk_extracted\assets\res\import\09\097e4d005.json
eth,0x76e4c9bd7772b388c39e1b0748b19de8ba26a071,CTF-任务-9,hall_haoyun,2.4e-17,,ETH,2.4e-17,False,True,False,True,0x0e04736a85433445ef602d07946671685ec94647,⚠ EIP-7702 委托账户：代码执行被委托给 0x0e04736a85433445ef602d07946671685ec94647。私钥可签名，但交易会经该合约执行，存在资金被控制风险,0000000000000000000000000000000000000000000000000000000000000784,F:\CTF-任务\hall_haoyun\hall_haoyun\apk_extracted\assets\res\import\09\097e4d005.json
eth,0x6a87bfd9876bdbc2ab8e9ad19bf8692dee529e2d,CTF-任务-659,nxpro,2.4e-17,,ETH,2.4e-17,False,True,False,True,0x0e04736a85433445ef602d07946671685ec94647,⚠ EIP-7702 委托账户：代码执行被委托给 0x0e04736a85433445ef602d07946671685ec94647。私钥可签名，但交易会经该合约执行，存在资金被控制风险,00000000000000000000000000000000000000000000000000000000000003a1,F:\CTF-任务\nxpro\artifacts\nxpro\cache\rockyou.txt.tar.gz
eth,0x794753da53bb65c36088c0b95d70a050ce97d5e5,CTF-任务-1984,hall_haoyun,1.6e-17,,ETH,1.6e-17,False,True,False,True,0x8a67b5020ee254ef48e3b6a04927f39baf7e408a,⚠ EIP-7702 委托账户：代码执行被委托给 0x8a67b5020ee254ef48e3b6a04927f39baf7e408a。私钥可签名，但交易会经该合约执行，存在资金被控制风险,0000000000000000000000000000000000000000000000000000000000000601,F:\CTF-任务\hall_haoyun\hall_haoyun\apk_extracted\assets\cfg\a\mode_1\map.sdkrs
eth,0x6a0d7fb0c1a04322fe7d335cf16b470fb30206be,CTF-任务-3411,hall_haoyun,8e-18,,ETH,8e-18,False,True,False,True,0x8a67b5020ee254ef48e3b6a04927f39baf7e408a,⚠ EIP-7702 委托账户：代码执行被委托给 0x8a67b5020ee254ef48e3b6a04927f39baf7e408a。私钥可签名，但交易会经该合约执行，存在资金被控制风险,0000000000000000000000000000000000000000000000000000000000001219,F:\CTF-任务\hall_haoyun\hall_haoyun\apk_extracted\assets\cfg\idrres\ResPackIndoorMap.sdkrs
eth,0x63dc513cbabacd3140452351b2971b45d0a661f6,CTF-任务-3173,hall_haoyun,2.4e-17,,ETH,2.4e-17,False,True,False,True,0x8a67b5020ee254ef48e3b6a04927f39baf7e408a,⚠ EIP-7702 委托账户：代码执行被委托给 0x8a67b5020ee254ef48e3b6a04927f39baf7e408a。私钥可签名，但交易会经该合约执行，存在资金被控制风险,0000000000000000000000000000000000000000000000000000000000001495,F:\CTF-任务\hall_haoyun\hall_haoyun\apk_extracted\assets\cfg\idrres\ResPackIndoorMap.sdkrs
eth,0x6a58fdc2f55af58fd895f33a04509eacf70bcbd5,CTF-任务-29,dapplink代码库,2.4e-17,,ETH,2.4e-17,False,True,False,True,0x8a67b5020ee254ef48e3b6a04927f39baf7e408a,⚠ EIP-7702 委托账户：代码执行被委托给 0x8a67b5020ee254ef48e3b6a04927f39baf7e408a。私钥可签名，但交易会经该合约执行，存在资金被控制风险,0000000000000000000000000000000000000000000000000000000000000915,F:\CTF-任务\dapplink代码库\gh\nakapay_app\src\icons\svg\time-line.svg
eth,0x79bb29846a7e211261858d58daeeff091bcb30ad,CTF-任务-456,wj_apk,2.4e-17,,ETH,2.4e-17,False,True,False,True,0x8a67b5020ee254ef48e3b6a04927f39baf7e408a,⚠ EIP-7702 委托账户：代码执行被委托给 0x8a67b5020ee254ef48e3b6a04927f39baf7e408a。私钥可签名，但交易会经该合约执行，存在资金被控制风险,0000000000000000000000000000000000000000000000000000000000001180,F:\CTF-任务\wj_apk\wj_apk\evidence\wallet_records.jsonl
eth,0x7a0860c3cd35a1d12b923d3ffa590b2c308727b6,CTF-任务-2257,hall_haoyun,2.4e-17,,ETH,2.4e-17,False,True,False,True,0x8a67b5020ee254ef48e3b6a04927f39baf7e408a,⚠ EIP-7702 委托账户：代码执行被委托给 0x8a67b5020ee254ef48e3b6a04927f39baf7e408a。私钥可签名，但交易会经该合约执行，存在资金被控制风险,0000000000000000000000000000000000000000000000000000000000000442,F:\CTF-任务\hall_haoyun\hall_haoyun\apk_extracted\assets\cfg\a\mode_1\map.sdkrs
eth,0x6bcddc6540237795c11465d12d2b33411d6249e9,CTF-任务-9,aixai,1.6e-17,,ETH,1.6e-17,False,True,False,True,0x8a67b5020ee254ef48e3b6a04927f39baf7e408a,⚠ EIP-7702 委托账户：代码执行被委托给 0x8a67b5020ee254ef48e3b6a04927f39baf7e408a。私钥可签名，但交易会经该合约执行，存在资金被控制风险,0000000000000000000000000000000000000000000000000000000000000800,F:\CTF-任务\aixai\artifacts\aixai\admin\vendors.js
eth,0x7c8c7feb05ba8d8dc93c1072d0cec5ea123009d1,CTF-任务-264,wcn,8e-18,,ETH,8e-18,False,True,False,True,0x8a67b5020ee254ef48e3b6a04927f39baf7e408a,⚠ EIP-7702 委托账户：代码执行被委托给 0x8a67b5020ee254ef48e3b6a04927f39baf7e408a。私钥可签名，但交易会经该合约执行，存在资金被控制风险,0000000000000000000000000000000000000000000000000000000000000618,F:\CTF-任务\wcn\images\wca_img\layer3.tar
eth,0x7f876cec1db8d4241baec796e61c7b5c97eb93a7,CTF-任务-163,臻途,1.6e-17,,ETH,1.6e-17,False,True,False,True,0x8a67b5020ee254ef48e3b6a04927f39baf7e408a,⚠ EIP-7702 委托账户：代码执行被委托给 0x8a67b5020ee254ef48e3b6a04927f39baf7e408a。私钥可签名，但交易会经该合约执行，存在资金被控制风险,0000000000000000000000000000000000000000000000000000000000000486,F:\CTF-任务\臻途\artifacts\_待归类收回-20260916\cases-apk_analysis\apk_analysis\bundle_decompiled.js
eth,0x7ca6ba734232961c233dce9923996655d6da97e8,CTF-任务-1343,hall_haoyun,4e-18,,ETH,4e-18,False,True,False,True,0x8a67b5020ee254ef48e3b6a04927f39baf7e408a,⚠ EIP-7702 委托账户：代码执行被委托给 0x8a67b5020ee254ef48e3b6a04927f39baf7e408a。私钥可签名，但交易会经该合约执行，存在资金被控制风险,0000000000000000000000000000000000000000000000000000000000000248,F:\CTF-任务\hall_haoyun\hall_haoyun\apk_extracted\assets\cfg\a\DVDirectory.cfg
eth,0x872917cec8992487651ee633dba73bd3a9dca309,CTF-任务-140,dapplink代码库,8e-18,,ETH,8e-18,False,True,False,True,0x8a67b5020ee254ef48e3b6a04927f39baf7e408a,⚠ EIP-7702 委托账户：代码执行被委托给 0x8a67b5020ee254ef48e3b6a04927f39baf7e408a。私钥可签名，但交易会经该合约执行，存在资金被控制风险,000000000000000000000000000000000000000000000000000000000000007a,F:\CTF-任务\dapplink代码库\gh\blockshop_service\blockshop
eth,0x738e4a747b885b69a354656da8e51f0404f88ea8,CTF-任务-62,3h-game,2.4e-17,,ETH,2.4e-17,False,True,False,True,0x8a67b5020ee254ef48e3b6a04927f39baf7e408a,⚠ EIP-7702 委托账户：代码执行被委托给 0x8a67b5020ee254ef48e3b6a04927f39baf7e408a。私钥可签名，但交易会经该合约执行，存在资金被控制风险,0000000000000000000000000000000000000000000000000000000000000192,F:\CTF-任务\3h-game\artifacts\_待归类收回-20260916\cases-artifacts-01-recon\01-recon\raw\web3-vendor.f4d08394.js
eth,0x7e27035da9211c7b7474911ad8823f59a32e9117,CTF-任务-673,wj_apk,2.4e-17,,ETH,2.4e-17,False,True,False,True,0x8a67b5020ee254ef48e3b6a04927f39baf7e408a,⚠ EIP-7702 委托账户：代码执行被委托给 0x8a67b5020ee254ef48e3b6a04927f39baf7e408a。私钥可签名，但交易会经该合约执行，存在资金被控制风险,0000000000000000000000000000000000000000000000000000000000001130,F:\CTF-任务\wj_apk\wj_apk\evidence\wallet_records.jsonl
eth,0x7cfa9eee1d752da599211bc8a68d0687708dabfc,CTF-任务-51,anxchain,8e-18,,ETH,8e-18,False,True,False,True,0x8a67b5020ee254ef48e3b6a04927f39baf7e408a,⚠ EIP-7702 委托账户：代码执行被委托给 0x8a67b5020ee254ef48e3b6a04927f39baf7e408a。私钥可签名，但交易会经该合约执行，存在资金被控制风险,00000000000000000000000000000000000000000000000000000000000000d9,F:\CTF-任务\anxchain\artifacts\anxchain\01-recon\raw\alljs-concat.js
eth,0x7ff5e44b54742a9d3b64193c18b2e78c5e8ee539,CTF-任务-294,gccfund,2.4e-17,,ETH,2.4e-17,False,True,False,True,0x8a67b5020ee254ef48e3b6a04927f39baf7e408a,⚠ EIP-7702 委托账户：代码执行被委托给 0x8a67b5020ee254ef48e3b6a04927f39baf7e408a。私钥可签名，但交易会经该合约执行，存在资金被控制风险,0000000000000000000000000000000000000000000000000000000000000410,F:\CTF-任务\gccfund\artifacts\gccfund\cache\withdrawals_recipients_agg.json
eth,0x6a8b32cb656559c0fc49cd7db3ce48c074a7abe3,CTF-任务-103,gccfund,8e-18,,ETH,8e-18,False,True,False,True,0x0e04736a85433445ef602d07946671685ec94647,⚠ EIP-7702 委托账户：代码执行被委托给 0x0e04736a85433445ef602d07946671685ec94647。私钥可签名，但交易会经该合约执行，存在资金被控制风险,0000000000000000000000000000000000000000000000000000000000001011,F:\CTF-任务\gccfund\artifacts\gccfund\01-recon\raw\chunks\web-CaeGxNKM.js
eth,0x8a6733d760af57ec8088541c639832a503522465,CTF-任务-195,lulu,2.4e-17,,ETH,2.4e-17,False,True,False,True,0x8a67b5020ee254ef48e3b6a04927f39baf7e408a,⚠ EIP-7702 委托账户：代码执行被委托给 0x8a67b5020ee254ef48e3b6a04927f39baf7e408a。私钥可签名，但交易会经该合约执行，存在资金被控制风险,0000000000000000000000000000000000000000000000000000000000000925,F:\CTF-任务\lulu\artifacts\lulu\cache\data.unity3d
eth,0x7f7811159a6626d59ec79994e02159e08758100a,CTF-任务-3143,hall_haoyun,1.2e-17,,ETH,1.2e-17,False,True,False,True,0x8a67b5020ee254ef48e3b6a04927f39baf7e408a,⚠ EIP-7702 委托账户：代码执行被委托给 0x8a67b5020ee254ef48e3b6a04927f39baf7e408a。私钥可签名，但交易会经该合约执行，存在资金被控制风险,0000000000000000000000000000000000000000000000000000000000001169,F:\CTF-任务\hall_haoyun\hall_haoyun\apk_extracted\assets\cfg\idrres\ResPackIndoorMap.sdkrs
eth,0x87ee0998f32af3617fcfbe1a745a413238896270,CTF-任务-462,hall_haoyun,1.6e-17,,ETH,1.6e-17,False,True,False,True,0x8a67b5020ee254ef48e3b6a04927f39baf7e408a,⚠ EIP-7702 委托账户：代码执行被委托给 0x8a67b5020ee254ef48e3b6a04927f39baf7e408a。私钥可签名，但交易会经该合约执行，存在资金被控制风险,0000000000000000000000000000000000000000000000000000000000000303,F:\CTF-任务\hall_haoyun\hall_haoyun\apk_extracted\assets\cfg\a\DVDirectory.cfg
eth,0x903eefac497bcd5114363bd0767f9796e3f68505,CTF-任务-3071,hall_haoyun,1.6e-17,,ETH,1.6e-17,False,True,False,True,0x8a67b5020ee254ef48e3b6a04927f39baf7e408a,⚠ EIP-7702 委托账户：代码执行被委托给 0x8a67b5020ee254ef48e3b6a04927f39baf7e408a。私钥可签名，但交易会经该合约执行，存在资金被控制风险,0000000000000000000000000000000000000000000000000000000000001498,F:\CTF-任务\hall_haoyun\hall_haoyun\apk_extracted\assets\cfg\idrres\ResPackIndoorMap.sdkrs
eth,0x8d695f844e155f43575b398ef7fb8add1e87c7d9,CTF-任务-80,bvs,2.4e-17,,ETH,2.4e-17,False,True,False,True,0x8a67b5020ee254ef48e3b6a04927f39baf7e408a,⚠ EIP-7702 委托账户：代码执行被委托给 0x8a67b5020ee254ef48e3b6a04927f39baf7e408a。私钥可签名，但交易会经该合约执行，存在资金被控制风险,0000000000000000000000000000000000000000000000000000000000000636,F:\CTF-任务\bvs\bvs\bvc_strings.txt
eth,0x92d77e75314b1108c25b5b4d891f19c251be34b0,CTF-任务-18,aixai,1.6e-17,,ETH,1.6e-17,False,True,False,True,0x8a67b5020ee254ef48e3b6a04927f39baf7e408a,⚠ EIP-7702 委托账户：代码执行被委托给 0x8a67b5020ee254ef48e3b6a04927f39baf7e408a。私钥可签名，但交易会经该合约执行，存在资金被控制风险,0000000000000000000000000000000000000000000000000000000000000536,F:\CTF-任务\aixai\aixai\apk_full\assets\public\lottie-json\PC2hcX1.json
eth,0x819c3411d5c8a12a154e3a1a6b10c6df87f00951,CTF-任务-27,aixai,8e-18,,ETH,8e-18,False,True,False,True,0x8a67b5020ee254ef48e3b6a04927f39baf7e408a,⚠ EIP-7702 委托账户：代码执行被委托给 0x8a67b5020ee254ef48e3b6a04927f39baf7e408a。私钥可签名，但交易会经该合约执行，存在资金被控制风险,00000000000000000000000000000000000000000000000000000000ffffffff,F:\CTF-任务\aixai\artifacts\aixai\index.js
eth,0x89921417fb7d1800cdb49bff4faf6e2ea8dd794e,CTF-任务-26,wj_apk,1.2e-17,,ETH,1.2e-17,False,True,False,True,0x8a67b5020ee254ef48e3b6a04927f39baf7e408a,⚠ EIP-7702 委托账户：代码执行被委托给 0x8a67b5020ee254ef48e3b6a04927f39baf7e408a。私钥可签名，但交易会经该合约执行，存在资金被控制风险,000000000000000000000000000000000000000000000000000000000000face,F:\CTF-任务\wj_apk\wj_apk\admin\chunk_ImUserList.js
eth,0x88c0e901bd1fd1a77bda342f0d2210fdc71cef6b,CTF-任务-214,dapplink代码库,2.4e-17,,ETH,2.4e-17,False,True,False,True,0x8a67b5020ee254ef48e3b6a04927f39baf7e408a,⚠ EIP-7702 委托账户：代码执行被委托给 0x8a67b5020ee254ef48e3b6a04927f39baf7e408a。私钥可签名，但交易会经该合约执行，存在资金被控制风险,0000000000000000000000000000000000000000000000000000000000000066,F:\CTF-任务\dapplink代码库\gh\dapplink\docs\developers\json-rpc\endpoints.md
eth,0x96dcebeeffb58ac8ff6aec69822a7c9c4df8880d,CTF-任务-320,臻途,2.4e-17,,ETH,2.4e-17,False,True,False,True,0x8a67b5020ee254ef48e3b6a04927f39baf7e408a,⚠ EIP-7702 委托账户：代码执行被委托给 0x8a67b5020ee254ef48e3b6a04927f39baf7e408a。私钥可签名，但交易会经该合约执行，存在资金被控制风险,0000000000000000000000000000000000000000000000000000000000000428,F:\CTF-任务\臻途\artifacts\_待归类收回-20260916\cases-apk_analysis\apk_analysis\bundle_decompiled.js
eth,0x94d9709a1ccd46117d962f244b3511fa75beb80d,CTF-任务-83,wcn,2.4e-17,,ETH,2.4e-17,False,True,False,True,0x8a67b5020ee254ef48e3b6a04927f39baf7e408a,⚠ EIP-7702 委托账户：代码执行被委托给 0x8a67b5020ee254ef48e3b6a04927f39baf7e408a。私钥可签名，但交易会经该合约执行，存在资金被控制风险,0000000000000000000000000000000000000000000000000000000000000406,F:\CTF-任务\wcn\rootfs-extract\wcn_extract\etc\group
eth,0x9b65ba56c2cef1e85eb0f861a60f515b54c6965d,CTF-任务-5,wj_apk,2.4e-17,,ETH,2.4e-17,False,True,False,True,0x8a67b5020ee254ef48e3b6a04927f39baf7e408a,⚠ EIP-7702 委托账户：代码执行被委托给 0x8a67b5020ee254ef48e3b6a04927f39baf7e408a。私钥可签名，但交易会经该合约执行，存在资金被控制风险,0000000000000000000000000000000000000000000000000000000000000645,F:\CTF-任务\wj_apk\wj_apk\extracted\assets\flutter_assets\packages\flutter_inappwebview\assets\t_rex_runner\t-rex.html
eth,0x9ced1cf5397a779b83b67f962b1b2d6cfc9aa539,CTF-任务-270,gccfund,2.4e-17,,ETH,2.4e-17,False,True,False,True,0x8a67b5020ee254ef48e3b6a04927f39baf7e408a,⚠ EIP-7702 委托账户：代码执行被委托给 0x8a67b5020ee254ef48e3b6a04927f39baf7e408a。私钥可签名，但交易会经该合约执行，存在资金被控制风险,0000000000000000000000000000000000000000000000000000000000001471,F:\CTF-任务\gccfund\artifacts\gccfund\cache\withdrawals_recipients_agg.json
eth,0x966f91fca291e85c7d1024ea27f62d28d8fd3fd7,CTF-任务-92,aixai,1.6e-17,,ETH,1.6e-17,False,True,False,True,0x8a67b5020ee254ef48e3b6a04927f39baf7e408a,⚠ EIP-7702 委托账户：代码执行被委托给 0x8a67b5020ee254ef48e3b6a04927f39baf7e408a。私钥可签名，但交易会经该合约执行，存在资金被控制风险,0000000000000000000000000000000000000000000000000000000000000361,F:\CTF-任务\aixai\aixai\apk_full\assets\public\lottie-json\h5-middle-v3.json
eth,0x99cf7c518566e0ff6e549f959eaf67a6c227ae04,CTF-任务-49,dapplink代码库,2.4e-17,,ETH,2.4e-17,False,True,False,True,0x8a67b5020ee254ef48e3b6a04927f39baf7e408a,⚠ EIP-7702 委托账户：代码执行被委托给 0x8a67b5020ee254ef48e3b6a04927f39baf7e408a。私钥可签名，但交易会经该合约执行，存在资金被控制风险,0000000000000000000000000000000000000000000000000000000000000716,F:\CTF-任务\dapplink代码库\gh\blockadmin\common\static\images\error.svg
eth,0x9dd82bb2ce01e5fcde59808070e8064bf043082c,CTF-任务-375,wcn,2.4e-17,,ETH,2.4e-17,False,True,False,True,0x8a67b5020ee254ef48e3b6a04927f39baf7e408a,⚠ EIP-7702 委托账户：代码执行被委托给 0x8a67b5020ee254ef48e3b6a04927f39baf7e408a。私钥可签名，但交易会经该合约执行，存在资金被控制风险,0000000000000000000000000000000000000000000000000000000000000cad,F:\CTF-任务\wcn\images\wca_img\layer4.tar
eth,0xa4779da1bff7e702d969994a8a3d5494db739abb,CTF-任务-17,hall_haoyun,8e-18,,ETH,8e-18,False,True,False,True,0x8a67b5020ee254ef48e3b6a04927f39baf7e408a,⚠ EIP-7702 委托账户：代码执行被委托给 0x8a67b5020ee254ef48e3b6a04927f39baf7e408a。私钥可签名，但交易会经该合约执行，存在资金被控制风险,0000000000000000000000000000000000000000000000000000000000000570,F:\CTF-任务\hall_haoyun\hall_haoyun\apk_extracted\assets\res\import\0c\0c45c91e1.json
eth,0x9449a9b7dd86513a9d2980a2c44dfbde84cdad00,CTF-任务-2459,hall_haoyun,1.6e-17,,ETH,1.6e-17,False,True,False,True,0x0e04736a85433445ef602d07946671685ec94647,⚠ EIP-7702 委托账户：代码执行被委托给 0x0e04736a85433445ef602d07946671685ec94647。私钥可签名，但交易会经该合约执行，存在资金被控制风险,0000000000000000000000000000000000000000000000000000000000001017,F:\CTF-任务\hall_haoyun\hall_haoyun\apk_extracted\assets\cfg\a\mode_1\map.sdkrs
eth,0xa2b7961ecdfc040f1dd226ab27c561ef2cdcc579,CTF-任务-14,dapplink代码库,1.2e-17,,ETH,1.2e-17,False,True,False,True,0x8a67b5020ee254ef48e3b6a04927f39baf7e408a,⚠ EIP-7702 委托账户：代码执行被委托给 0x8a67b5020ee254ef48e3b6a04927f39baf7e408a。私钥可签名，但交易会经该合约执行，存在资金被控制风险,0000000000000000000000000000000000000000000000000000000000001107,F:\CTF-任务\dapplink代码库\gh\nakapay_app\src\icons\svg\comment.svg
eth,0x79ac3045e055850b59a0e1d025f424ba0302153a,CTF-任务-8,bvs,8e-18,,ETH,8e-18,False,True,False,True,0x8a67b5020ee254ef48e3b6a04927f39baf7e408a,⚠ EIP-7702 委托账户：代码执行被委托给 0x8a67b5020ee254ef48e3b6a04927f39baf7e408a。私钥可签名，但交易会经该合约执行，存在资金被控制风险,0000000000000000000000000000000000000000000000000000000000000790,F:\CTF-任务\bvs\bvs\v100_unpacked\assets\stakingBannerd.json
eth,0x9effb513062cd378e4865e7f2538acf560d6e455,CTF-任务-229,anxchain,1.2e-17,,ETH,1.2e-17,False,True,False,True,0x8a67b5020ee254ef48e3b6a04927f39baf7e408a,⚠ EIP-7702 委托账户：代码执行被委托给 0x8a67b5020ee254ef48e3b6a04927f39baf7e408a。私钥可签名，但交易会经该合约执行，存在资金被控制风险,0000000000000000000000000000000000000000000000000000000000000277,F:\CTF-任务\anxchain\artifacts\anxchain\03-exploit\data\reinvest_p500.json
eth,0xa2d47d2c42009520075cb15f5855052008d0c44d,CTF-任务-198,dapplink代码库,8e-18,,ETH,8e-18,False,True,False,True,0x8a67b5020ee254ef48e3b6a04927f39baf7e408a,⚠ EIP-7702 委托账户：代码执行被委托给 0x8a67b5020ee254ef48e3b6a04927f39baf7e408a。私钥可签名，但交易会经该合约执行，存在资金被控制风险,0000000000000000000000000000000000000000000000000000000000000089,F:\CTF-任务\dapplink代码库\gh\blockshop_service\blockshop
eth,0x738cd323e5ffaea0c034228e5ae659b123720217,CTF-任务-239,omniweb,2.4e-17,,ETH,2.4e-17,False,True,False,True,0x8a67b5020ee254ef48e3b6a04927f39baf7e408a,⚠ EIP-7702 委托账户：代码执行被委托给 0x8a67b5020ee254ef48e3b6a04927f39baf7e408a。私钥可签名，但交易会经该合约执行，存在资金被控制风险,0000000000000000000000000000000000000000000000000000000000000740,F:\CTF-任务\omniweb\omniweb_scan\admin\umi.71a70a84.js
eth,0xa6c576e962f7221102f14d1833b0b4017e4de604,CTF-任务-2485,hall_haoyun,2.4e-17,,ETH,2.4e-17,False,True,False,True,0x8a67b5020ee254ef48e3b6a04927f39baf7e408a,⚠ EIP-7702 委托账户：代码执行被委托给 0x8a67b5020ee254ef48e3b6a04927f39baf7e408a。私钥可签名，但交易会经该合约执行，存在资金被控制风险,0000000000000000000000000000000000000000000000000000000000000627,F:\CTF-任务\hall_haoyun\hall_haoyun\apk_extracted\assets\cfg\a\mode_1\map.sdkrs
eth,0xad2ee2fc6ca6d0b526ad8630c4f1fad7afbb38d5,CTF-任务-158,bvs,1.2e-17,,ETH,1.2e-17,False,True,False,True,0x0e04736a85433445ef602d07946671685ec94647,⚠ EIP-7702 委托账户：代码执行被委托给 0x0e04736a85433445ef602d07946671685ec94647。私钥可签名，但交易会经该合约执行，存在资金被控制风险,0000000000000000000000000000000000000000000000000000000000001069,F:\CTF-任务\bvs\bvs\admin_assets\app.js
eth,0xae274f87f0ecec5c9c06be1f08628a5af920e9bf,CTF-任务-1672,hall_haoyun,1.6e-17,,ETH,1.6e-17,False,True,False,True,0x8a67b5020ee254ef48e3b6a04927f39baf7e408a,⚠ EIP-7702 委托账户：代码执行被委托给 0x8a67b5020ee254ef48e3b6a04927f39baf7e408a。私钥可签名，但交易会经该合约执行，存在资金被控制风险,0000000000000000000000000000000000000000000000000000000000000446,F:\CTF-任务\hall_haoyun\hall_haoyun\apk_extracted\assets\cfg\a\mode_1\map.sdkrs
eth,0xadc20ebcc18893e81e426cc749e9db02db72ba9b,CTF-任务-288,gccfund,2.4e-17,,ETH,2.4e-17,False,True,False,True,0x0e04736a85433445ef602d07946671685ec94647,⚠ EIP-7702 委托账户：代码执行被委托给 0x0e04736a85433445ef602d07946671685ec94647。私钥可签名，但交易会经该合约执行，存在资金被控制风险,0000000000000000000000000000000000000000000000000000000000000531,F:\CTF-任务\gccfund\artifacts\gccfund\cache\withdrawals_recipients_agg.json
eth,0xaeb049e534c7fda8540379fbbc0df52faf829845,CTF-任务-163,arig-aster,2.4e-17,,ETH,2.4e-17,False,True,False,True,0x8a67b5020ee254ef48e3b6a04927f39baf7e408a,⚠ EIP-7702 委托账户：代码执行被委托给 0x8a67b5020ee254ef48e3b6a04927f39baf7e408a。私钥可签名，但交易会经该合约执行，存在资金被控制风险,0000000000000000000000000000000000000000000000000000000000000680,F:\CTF-任务\arig-aster\artifacts\arig-aster\02-web\js\c_vendor-CdOzXFP8.js
eth,0xabfb10376722ddd16dcab6fdcdf0f9245a3c8149,CTF-任务-1721,hall_haoyun,2.4e-17,,ETH,2.4e-17,False,True,False,True,0x8a67b5020ee254ef48e3b6a04927f39baf7e408a,⚠ EIP-7702 委托账户：代码执行被委托给 0x8a67b5020ee254ef48e3b6a04927f39baf7e408a。私钥可签名，但交易会经该合约执行，存在资金被控制风险,0000000000000000000000000000000000000000000000000000000000000452,F:\CTF-任务\hall_haoyun\hall_haoyun\apk_extracted\assets\cfg\a\mode_1\map.sdkrs
eth,0xaccbf0e4436053db7a946d52b3f804dd2e9f2670,CTF-任务-24,dapplink代码库,8e-18,,ETH,8e-18,False,True,False,True,0x0e04736a85433445ef602d07946671685ec94647,⚠ EIP-7702 委托账户：代码执行被委托给 0x0e04736a85433445ef602d07946671685ec94647。私钥可签名，但交易会经该合约执行，存在资金被控制风险,0000000000000000000000000000000000000000000000000000000000000910,F:\CTF-任务\dapplink代码库\gh\nakapay_app\src\icons\svg\time-line.svg
eth,0xb3eef45a6a64debe4e507bb2f6b2c502378f9d3a,CTF-任务-238,arig-aster,2.4e-17,,ETH,2.4e-17,False,True,False,True,0x8a67b5020ee254ef48e3b6a04927f39baf7e408a,⚠ EIP-7702 委托账户：代码执行被委托给 0x8a67b5020ee254ef48e3b6a04927f39baf7e408a。私钥可签名，但交易会经该合约执行，存在资金被控制风险,0000000000000000000000000000000000000000000000000000000000000430,F:\CTF-任务\arig-aster\artifacts\arig-aster\02-web\passive\us_result.html
eth,0xb33609811fb3d9fc8955dc6e9e086f1f08fc3a65,CTF-任务-127,evccoin,8e-18,,ETH,8e-18,False,True,False,True,0x8a67b5020ee254ef48e3b6a04927f39baf7e408a,⚠ EIP-7702 委托账户：代码执行被委托给 0x8a67b5020ee254ef48e3b6a04927f39baf7e408a。私钥可签名，但交易会经该合约执行，存在资金被控制风险,00000000000000000000000000000000000000000000000000000000000000e8,F:\CTF-任务\evccoin\artifacts\evccoin\wordlists\rockyou.txt.gz
eth,0xb2aaeab0a8b7d9fc9dd32b71ba3ba891dfd391a5,CTF-任务-408,wcn,8e-18,,ETH,8e-18,False,True,False,True,0x8a67b5020ee254ef48e3b6a04927f39baf7e408a,⚠ EIP-7702 委托账户：代码执行被委托给 0x8a67b5020ee254ef48e3b6a04927f39baf7e408a。私钥可签名，但交易会经该合约执行，存在资金被控制风险,0000000000000000000000000000000000000000000000000000000000000661,F:\CTF-任务\wcn\rootfs-extract\wcn_extract\etc\wallet-chain-node\wallet-chain-node
eth,0xad44a88f0e522604b1be3936d253f19afe0eac48,CTF-任务-272,gccfund,2.4e-17,,ETH,2.4e-17,False,True,False,True,0x8a67b5020ee254ef48e3b6a04927f39baf7e408a,⚠ EIP-7702 委托账户：代码执行被委托给 0x8a67b5020ee254ef48e3b6a04927f39baf7e408a。私钥可签名，但交易会经该合约执行，存在资金被控制风险,0000000000000000000000000000000000000000000000000000000000001362,F:\CTF-任务\gccfund\artifacts\gccfund\cache\withdrawals_recipients_agg.json
eth,0xb4a00f35105c4f5f88804fa0291d4f0df1453a36,CTF-任务-314,wj_apk,1.6e-17,,ETH,1.6e-17,False,True,False,True,0x8a67b5020ee254ef48e3b6a04927f39baf7e408a,⚠ EIP-7702 委托账户：代码执行被委托给 0x8a67b5020ee254ef48e3b6a04927f39baf7e408a。私钥可签名，但交易会经该合约执行，存在资金被控制风险,0000000000000000000000000000000000000000000000000000000000000449,F:\CTF-任务\wj_apk\wj_apk\evidence\wallet_records.jsonl
eth,0xb3ef70f39c555ce0bf9f3382b8b90b3d860ce095,CTF-任务-236,wcn,2.4e-17,,ETH,2.4e-17,False,True,False,True,0x0e04736a85433445ef602d07946671685ec94647,⚠ EIP-7702 委托账户：代码执行被委托给 0x0e04736a85433445ef602d07946671685ec94647。私钥可签名，但交易会经该合约执行，存在资金被控制风险,0000000000000000000000000000000000000000000000000000000000000598,F:\CTF-任务\wcn\rootfs-extract\wcn_extract\etc\wallet-chain-node\go.sum
eth,0x93bdbe2c9f0f5cec59175c51d0a39faee42a4a6e,CTF-任务-1670,hall_haoyun,1.6e-17,,ETH,1.6e-17,False,True,False,True,0x8a67b5020ee254ef48e3b6a04927f39baf7e408a,⚠ EIP-7702 委托账户：代码执行被委托给 0x8a67b5020ee254ef48e3b6a04927f39baf7e408a。私钥可签名，但交易会经该合约执行，存在资金被控制风险,0000000000000000000000000000000000000000000000000000000000000456,F:\CTF-任务\hall_haoyun\hall_haoyun\apk_extracted\assets\cfg\a\DVVersion.cfg
eth,0xb2d359bc3cd5a761b6b615a307f4c48055a88916,CTF-任务-432,evccoin,2.4e-17,,ETH,2.4e-17,False,True,False,True,0x8a67b5020ee254ef48e3b6a04927f39baf7e408a,⚠ EIP-7702 委托账户：代码执行被委托给 0x8a67b5020ee254ef48e3b6a04927f39baf7e408a。私钥可签名，但交易会经该合约执行，存在资金被控制风险,0000000000000000000000000000000000000000000000000000000000000330,F:\CTF-任务\evccoin\artifacts\evccoin\wordlists\rockyou.txt.gz
eth,0xb6ab6eeb252e2dd485a82a264ce2b26d0711d53c,CTF-任务-1780,hall_haoyun,2.4e-17,,ETH,2.4e-17,False,True,False,True,0x8a67b5020ee254ef48e3b6a04927f39baf7e408a,⚠ EIP-7702 委托账户：代码执行被委托给 0x8a67b5020ee254ef48e3b6a04927f39baf7e408a。私钥可签名，但交易会经该合约执行，存在资金被控制风险,0000000000000000000000000000000000000000000000000000000000001052,F:\CTF-任务\hall_haoyun\hall_haoyun\apk_extracted\assets\cfg\a\mode_1\map.sdkrs
eth,0xb560174a6c1a3dda3cc08a64d96adba7819cbd64,CTF-任务-2091,hall_haoyun,4e-18,,ETH,4e-18,False,True,False,True,0x8a67b5020ee254ef48e3b6a04927f39baf7e408a,⚠ EIP-7702 委托账户：代码执行被委托给 0x8a67b5020ee254ef48e3b6a04927f39baf7e408a。私钥可签名，但交易会经该合约执行，存在资金被控制风险,0000000000000000000000000000000000000000000000000000000000000656,F:\CTF-任务\hall_haoyun\hall_haoyun\apk_extracted\assets\cfg\a\mode_1\map.sdkrs
eth,0xba95e317ead06b55c8b70276fc63904b3339dfa1,CTF-任务-46,bvs,2.4e-17,,ETH,2.4e-17,False,True,False,True,0x8a67b5020ee254ef48e3b6a04927f39baf7e408a,⚠ EIP-7702 委托账户：代码执行被委托给 0x8a67b5020ee254ef48e3b6a04927f39baf7e408a。私钥可签名，但交易会经该合约执行，存在资金被控制风险,00000000000000000000000000000000000000000000000000000000000000eb,F:\CTF-任务\bvs\bvs\admin_assets\chunk-282f8075.js
eth,0xbd0d8467aa52d2388af9ae0b548834ed3aae8f6e,CTF-任务-292,gccfund,1.6e-17,,ETH,1.6e-17,False,True,False,True,0x0e04736a85433445ef602d07946671685ec94647,⚠ EIP-7702 委托账户：代码执行被委托给 0x0e04736a85433445ef602d07946671685ec94647。私钥可签名，但交易会经该合约执行，存在资金被控制风险,0000000000000000000000000000000000000000000000000000000000000489,F:\CTF-任务\gccfund\artifacts\gccfund\cache\withdrawals_recipients_agg.json
eth,0xc221af949a70e199e467116193b2f00bf04eefea,CTF-任务-8,bvs,2.4e-17,,ETH,2.4e-17,False,True,False,True,0x0e04736a85433445ef602d07946671685ec94647,⚠ EIP-7702 委托账户：代码执行被委托给 0x0e04736a85433445ef602d07946671685ec94647。私钥可签名，但交易会经该合约执行，存在资金被控制风险,0000000000000000000000000000000000000000000000000000000000000412,F:\CTF-任务\bvs\bvs\apk_unpacked\assets\welcomed.json
eth,0xc2cbe2ea086c6969d4eb2ac5747f7729a307e068,CTF-任务-40,aixai,1.6e-17,,ETH,1.6e-17,False,True,False,True,0x8a67b5020ee254ef48e3b6a04927f39baf7e408a,⚠ EIP-7702 委托账户：代码执行被委托给 0x8a67b5020ee254ef48e3b6a04927f39baf7e408a。私钥可签名，但交易会经该合约执行，存在资金被控制风险,0000000000000000000000000000000000000000000000000000000000001440,F:\CTF-任务\aixai\aixai\apk_full\assets\public\charting_library\bundles\library.ed30e653462ab0610aff.js
eth,0xbc36fad91a2b1b98775ebb6acc550031d94b5ff0,CTF-任务-156,bvs,8e-18,,ETH,8e-18,False,True,False,True,0x8a67b5020ee254ef48e3b6a04927f39baf7e408a,⚠ EIP-7702 委托账户：代码执行被委托给 0x8a67b5020ee254ef48e3b6a04927f39baf7e408a。私钥可签名，但交易会经该合约执行，存在资金被控制风险,0000000000000000000000000000000000000000000000000000000000000904,F:\CTF-任务\bvs\bvs\admin_assets\app.js
eth,0xab3db1dfb8ddd80723c1811c8fbda5ca3ea8f9d5,CTF-任务-205,hall_haoyun,8e-18,,ETH,8e-18,False,True,False,True,0x0e04736a85433445ef602d07946671685ec94647,⚠ EIP-7702 委托账户：代码执行被委托给 0x0e04736a85433445ef602d07946671685ec94647。私钥可签名，但交易会经该合约执行，存在资金被控制风险,0000000000000000000000000000000000000000000000000000000000000886,F:\CTF-任务\hall_haoyun\hall_haoyun\src_project.js
eth,0xc5e58a7ce7fae112685bf1d1989579e0d4a5b74f,CTF-任务-3117,hall_haoyun,1.6e-17,,ETH,1.6e-17,False,True,False,True,0x8a67b5020ee254ef48e3b6a04927f39baf7e408a,⚠ EIP-7702 委托账户：代码执行被委托给 0x8a67b5020ee254ef48e3b6a04927f39baf7e408a。私钥可签名，但交易会经该合约执行，存在资金被控制风险,0000000000000000000000000000000000000000000000000000000000001267,F:\CTF-任务\hall_haoyun\hall_haoyun\apk_extracted\assets\cfg\idrres\ResPackIndoorMap.sdkrs
eth,0xc390d992897a91727a4e7580ab42063a4d1c9181,CTF-任务-154,evccoin,8e-18,,ETH,8e-18,False,True,False,True,0x8a67b5020ee254ef48e3b6a04927f39baf7e408a,⚠ EIP-7702 委托账户：代码执行被委托给 0x8a67b5020ee254ef48e3b6a04927f39baf7e408a。私钥可签名，但交易会经该合约执行，存在资金被控制风险,0000000000000000000000000000000000000000000000000000000000000943,F:\CTF-任务\evccoin\artifacts\evccoin\wordlists\rockyou.txt.gz
eth,0xc67fa59e1884e0a8b333f144be1ce51beb5897b1,CTF-任务-83,atxok,1.6e-17,,ETH,1.6e-17,False,True,False,True,0x8a67b5020ee254ef48e3b6a04927f39baf7e408a,⚠ EIP-7702 委托账户：代码执行被委托给 0x8a67b5020ee254ef48e3b6a04927f39baf7e408a。私钥可签名，但交易会经该合约执行，存在资金被控制风险,0000000000000000000000000000000000000000000000000000000000001200,F:\CTF-任务\atxok\out\www\index-Dp5_lbYu.js
eth,0xc23a1193679235141420efb6214cf2c5acdae889,CTF-任务-274,gccfund,8e-18,,ETH,8e-18,False,True,False,True,0x8a67b5020ee254ef48e3b6a04927f39baf7e408a,⚠ EIP-7702 委托账户：代码执行被委托给 0x8a67b5020ee254ef48e3b6a04927f39baf7e408a。私钥可签名，但交易会经该合约执行，存在资金被控制风险,0000000000000000000000000000000000000000000000000000000000001208,F:\CTF-任务\gccfund\artifacts\gccfund\cache\withdrawals_recipients_agg.json
eth,0xc6dd525848dc78c017d958ee385a81dbd3dd05d1,CTF-任务-195,anxchain,8e-18,,ETH,8e-18,False,True,False,True,0x8a67b5020ee254ef48e3b6a04927f39baf7e408a,⚠ EIP-7702 委托账户：代码执行被委托给 0x8a67b5020ee254ef48e3b6a04927f39baf7e408a。私钥可签名，但交易会经该合约执行，存在资金被控制风险,0000000000000000000000000000000000000000000000000000000000000122,F:\CTF-任务\anxchain\artifacts\anxchain\03-exploit\data\reinvest_p500.json
eth,0xc460a383f22e61f8912fd8898c44592480db6a13,CTF-任务-150,bvs,1.6e-17,,ETH,1.6e-17,False,True,False,True,0x8a67b5020ee254ef48e3b6a04927f39baf7e408a,⚠ EIP-7702 委托账户：代码执行被委托给 0x8a67b5020ee254ef48e3b6a04927f39baf7e408a。私钥可签名，但交易会经该合约执行，存在资金被控制风险,0000000000000000000000000000000000000000000000000000000000001254,F:\CTF-任务\bvs\bvs\admin_assets\app.js
eth,0x9db78ef366f0ab9a7b1c0e12b4371c8c922d2e16,CTF-任务-1339,hall_haoyun,1.6e-17,,ETH,1.6e-17,False,True,False,True,0x8a67b5020ee254ef48e3b6a04927f39baf7e408a,⚠ EIP-7702 委托账户：代码执行被委托给 0x8a67b5020ee254ef48e3b6a04927f39baf7e408a。私钥可签名，但交易会经该合约执行，存在资金被控制风险,0000000000000000000000000000000000000000000000000000000000000291,F:\CTF-任务\hall_haoyun\hall_haoyun\apk_extracted\assets\cfg\a\DVDirectory.cfg
eth,0xc81d4ed8a570c012eb350c0983b27e1e8b1b4895,CTF-任务-30,dapplink代码库,1.6e-17,,ETH,1.6e-17,False,True,False,True,0x0e04736a85433445ef602d07946671685ec94647,⚠ EIP-7702 委托账户：代码执行被委托给 0x0e04736a85433445ef602d07946671685ec94647。私钥可签名，但交易会经该合约执行，存在资金被控制风险,0000000000000000000000000000000000000000000000000000000000000916,F:\CTF-任务\dapplink代码库\gh\nakapay_app\src\icons\svg\time-line.svg
eth,0xc7572d69690a5bead0240ed388f6648e6ec13989,CTF-任务-3234,hall_haoyun,1.2e-17,,ETH,1.2e-17,False,True,False,True,0x0e04736a85433445ef602d07946671685ec94647,⚠ EIP-7702 委托账户：代码执行被委托给 0x0e04736a85433445ef602d07946671685ec94647。私钥可签名，但交易会经该合约执行，存在资金被控制风险,0000000000000000000000000000000000000000000000000000000000001121,F:\CTF-任务\hall_haoyun\hall_haoyun\apk_extracted\assets\cfg\idrres\ResPackIndoorMap.sdkrs
eth,0x2f0a0897f7d26182a8d7e8056d23b8738fba79e3,CTF-任务-8,evccoin,8e-18,,ETH,8e-18,False,True,False,True,0x8a67b5020ee254ef48e3b6a04927f39baf7e408a,⚠ EIP-7702 委托账户：代码执行被委托给 0x8a67b5020ee254ef48e3b6a04927f39baf7e408a。私钥可签名，但交易会经该合约执行，存在资金被控制风险,0000000000000000000000000000000000000000000000000000000000000768,F:\CTF-任务\evccoin\artifacts\evccoin\01-recon\files\allin_vendors.js
eth,0xcde57a5c13992e17ad6cc785312cca46f2c2c1e3,CTF-任务-41,hall_haoyun,2.4e-17,,ETH,2.4e-17,False,True,False,True,0x8a67b5020ee254ef48e3b6a04927f39baf7e408a,⚠ EIP-7702 委托账户：代码执行被委托给 0x8a67b5020ee254ef48e3b6a04927f39baf7e408a。私钥可签名，但交易会经该合约执行，存在资金被控制风险,0000000000000000000000000000000000000000000000000000000000004444,F:\CTF-任务\hall_haoyun\hall_haoyun\apk_extracted\assets\res\import\35\3555e024-12e0-4925-bdc6-13dc62239011.json
eth,0xcf2f74f725a7dddd0093e2ec6e9151bd5ddf189a,CTF-任务-3418,hall_haoyun,2.4e-17,,ETH,2.4e-17,False,True,False,True,0x0e04736a85433445ef602d07946671685ec94647,⚠ EIP-7702 委托账户：代码执行被委托给 0x0e04736a85433445ef602d07946671685ec94647。私钥可签名，但交易会经该合约执行，存在资金被控制风险,0000000000000000000000000000000000000000000000000000000000001423,F:\CTF-任务\hall_haoyun\hall_haoyun\apk_extracted\assets\cfg\idrres\ResPackIndoorMap.sdkrs
eth,0xd000dd27df253a8be92a8c7ec1cc3709639589fd,CTF-任务-395,evccoin,2.4e-17,,ETH,2.4e-17,False,True,False,True,0x8a67b5020ee254ef48e3b6a04927f39baf7e408a,⚠ EIP-7702 委托账户：代码执行被委托给 0x8a67b5020ee254ef48e3b6a04927f39baf7e408a。私钥可签名，但交易会经该合约执行，存在资金被控制风险,000000000000000000000000000000000000000000000000000000000000047b,F:\CTF-任务\evccoin\artifacts\evccoin\wordlists\rockyou.txt.gz
eth,0xcc2e9816fd6c82479393699282e8c4292d16dba1,CTF-任务-2143,hall_haoyun,8e-18,,ETH,8e-18,False,True,False,True,0x8a67b5020ee254ef48e3b6a04927f39baf7e408a,⚠ EIP-7702 委托账户：代码执行被委托给 0x8a67b5020ee254ef48e3b6a04927f39baf7e408a。私钥可签名，但交易会经该合约执行，存在资金被控制风险,0000000000000000000000000000000000000000000000000000000000000945,F:\CTF-任务\hall_haoyun\hall_haoyun\apk_extracted\assets\cfg\a\mode_1\map.sdkrs
eth,0xd01c9d93efc83c00b30f768f832182beff65696f,CTF-任务-323,evccoin,8e-18,,ETH,8e-18,False,True,False,True,0x8a67b5020ee254ef48e3b6a04927f39baf7e408a,⚠ EIP-7702 委托账户：代码执行被委托给 0x8a67b5020ee254ef48e3b6a04927f39baf7e408a。私钥可签名，但交易会经该合约执行，存在资金被控制风险,0000000000000000000000000000000000000000000000000000000000000081,F:\CTF-任务\evccoin\artifacts\evccoin\wordlists\rockyou.txt.gz
eth,0xd2b91583f13aa8c6c09e4046c6351ab282993f14,CTF-任务-341,evccoin,2.4e-17,,ETH,2.4e-17,False,True,False,True,0x8a67b5020ee254ef48e3b6a04927f39baf7e408a,⚠ EIP-7702 委托账户：代码执行被委托给 0x8a67b5020ee254ef48e3b6a04927f39baf7e408a。私钥可签名，但交易会经该合约执行，存在资金被控制风险,00000000000000000000000000000000000000000000000000000000000009ad,F:\CTF-任务\evccoin\artifacts\evccoin\wordlists\rockyou.txt.gz
eth,0xc375ce036cbcf2ae7a3d73686632d57fc780e2a4,CTF-任务-50,onchainsage,2.4e-17,,ETH,2.4e-17,False,True,False,True,0x8a67b5020ee254ef48e3b6a04927f39baf7e408a,⚠ EIP-7702 委托账户：代码执行被委托给 0x8a67b5020ee254ef48e3b6a04927f39baf7e408a。私钥可签名，但交易会经该合约执行，存在资金被控制风险,000000000000000000000000000000000000000000000000000000000000011a,F:\CTF-任务\onchainsage\onchainsage\admin_admin.onchainsage.ai.js
eth,0xd36aab638fee459dd7adbac4e16eab7af0532c5c,CTF-任务-1955,hall_haoyun,2.4e-17,,ETH,2.4e-17,False,True,False,True,0x0e04736a85433445ef602d07946671685ec94647,⚠ EIP-7702 委托账户：代码执行被委托给 0x0e04736a85433445ef602d07946671685ec94647。私钥可签名，但交易会经该合约执行，存在资金被控制风险,0000000000000000000000000000000000000000000000000000000000000961,F:\CTF-任务\hall_haoyun\hall_haoyun\apk_extracted\assets\cfg\a\mode_1\map.sdkrs
eth,0xd36cece2a88965e1ea7a998d9bb1d561f4e72e3d,CTF-任务-251,dapplink代码库,8e-18,,ETH,8e-18,False,True,False,True,0x0e04736a85433445ef602d07946671685ec94647,⚠ EIP-7702 委托账户：代码执行被委托给 0x0e04736a85433445ef602d07946671685ec94647。私钥可签名，但交易会经该合约执行，存在资金被控制风险,0000000000000000000000000000000000000000000000000000000000002000,F:\CTF-任务\dapplink代码库\gh\blockshop_service\static\admin\plugins\ueditor\themes\default\css\ueditor.css
eth,0xc69e41c1f9634810fd783701958efeecdd6bec1a,CTF-任务-377,evccoin,2.4e-17,,ETH,2.4e-17,False,True,False,True,0x8a67b5020ee254ef48e3b6a04927f39baf7e408a,⚠ EIP-7702 委托账户：代码执行被委托给 0x8a67b5020ee254ef48e3b6a04927f39baf7e408a。私钥可签名，但交易会经该合约执行，存在资金被控制风险,0000000000000000000000000000000000000000000000000000000000000aaa,F:\CTF-任务\evccoin\artifacts\evccoin\wordlists\rockyou.txt.gz
eth,0xb7e3d59359494a0bed51edfe4a00a15ccede5709,CTF-任务-2323,hall_haoyun,8e-18,,ETH,8e-18,False,True,False,True,0x8a67b5020ee254ef48e3b6a04927f39baf7e408a,⚠ EIP-7702 委托账户：代码执行被委托给 0x8a67b5020ee254ef48e3b6a04927f39baf7e408a。私钥可签名，但交易会经该合约执行，存在资金被控制风险,0000000000000000000000000000000000000000000000000000000000001138,F:\CTF-任务\hall_haoyun\hall_haoyun\apk_extracted\assets\cfg\a\mode_1\map.sdkrs
eth,0xe05fba8f479ce55e574c4c51091f8073c8c51dac,CTF-任务-2116,hall_haoyun,8e-18,,ETH,8e-18,False,True,False,True,0x8a67b5020ee254ef48e3b6a04927f39baf7e408a,⚠ EIP-7702 委托账户：代码执行被委托给 0x8a67b5020ee254ef48e3b6a04927f39baf7e408a。私钥可签名，但交易会经该合约执行，存在资金被控制风险,0000000000000000000000000000000000000000000000000000000000000965,F:\CTF-任务\hall_haoyun\hall_haoyun\apk_extracted\assets\cfg\a\mode_1\map.sdkrs
eth,0xde704795609ba3bdc18a107e0054cc563c92e36d,CTF-任务-159,bvs,2.4e-17,,ETH,2.4e-17,False,True,False,True,0x0e04736a85433445ef602d07946671685ec94647,⚠ EIP-7702 委托账户：代码执行被委托给 0x0e04736a85433445ef602d07946671685ec94647。私钥可签名，但交易会经该合约执行，存在资金被控制风险,0000000000000000000000000000000000000000000000000000000000001377,F:\CTF-任务\bvs\bvs\admin_assets\app.js
eth,0xd716757239976425a1f204c0bb9de5138d575ee6,CTF-任务-421,wj_apk,1.6e-17,,ETH,1.6e-17,False,True,False,True,0x8a67b5020ee254ef48e3b6a04927f39baf7e408a,⚠ EIP-7702 委托账户：代码执行被委托给 0x8a67b5020ee254ef48e3b6a04927f39baf7e408a。私钥可签名，但交易会经该合约执行，存在资金被控制风险,0000000000000000000000000000000000000000000000000000000000000581,F:\CTF-任务\wj_apk\wj_apk\evidence\wallet_records.jsonl
eth,0x923650ea5285887a5902f43816cb72882a5451a7,CTF-任务-290,lulu,2.4e-17,,ETH,2.4e-17,False,True,False,True,0x8a67b5020ee254ef48e3b6a04927f39baf7e408a,⚠ EIP-7702 委托账户：代码执行被委托给 0x8a67b5020ee254ef48e3b6a04927f39baf7e408a。私钥可签名，但交易会经该合约执行，存在资金被控制风险,0000000000000000000000000000000000000000000000000000000000000be2,F:\CTF-任务\lulu\artifacts\lulu\cache\data.unity3d
eth,0xe1dc6c05662de9dbecf9b5a47b9441fb7a82505b,CTF-任务-1021,hall_haoyun,2.4e-17,,ETH,2.4e-17,False,True,False,True,0x8a67b5020ee254ef48e3b6a04927f39baf7e408a,⚠ EIP-7702 委托账户：代码执行被委托给 0x8a67b5020ee254ef48e3b6a04927f39baf7e408a。私钥可签名，但交易会经该合约执行，存在资金被控制风险,0000000000000000000000000000000000000000000000000000000000000184,F:\CTF-任务\hall_haoyun\hall_haoyun\apk_extracted\assets\cfg\a\DVDirectory.cfg
eth,0xe2a09565167d4e3f826adec6bef82b97e0a4383f,CTF-任务-1255,arig-aster,8e-18,,ETH,8e-18,False,True,False,True,0x8a67b5020ee254ef48e3b6a04927f39baf7e408a,⚠ EIP-7702 委托账户：代码执行被委托给 0x8a67b5020ee254ef48e3b6a04927f39baf7e408a。私钥可签名，但交易会经该合约执行，存在资金被控制风险,00000000000000000000000000000000000000000000000000000000000000a8,F:\CTF-任务\arig-aster\artifacts\arig-aster\cache\local_derived_addrs.json
eth,0xe79da7d1b4088bfba4899a5c40c6e6d19c9e05fb,CTF-任务-306,gccfund,1.6e-17,,ETH,1.6e-17,False,True,False,True,0x8a67b5020ee254ef48e3b6a04927f39baf7e408a,⚠ EIP-7702 委托账户：代码执行被委托给 0x8a67b5020ee254ef48e3b6a04927f39baf7e408a。私钥可签名，但交易会经该合约执行，存在资金被控制风险,0000000000000000000000000000000000000000000000000000000000000276,F:\CTF-任务\gccfund\artifacts\gccfund\cache\withdrawals_recipients_agg.json
eth,0xe8619867ffaf3668193a51cf59838d9b67d08fd9,CTF-任务-143,hall_haoyun,2.4e-17,,ETH,2.4e-17,False,True,False,True,0x8a67b5020ee254ef48e3b6a04927f39baf7e408a,⚠ EIP-7702 委托账户：代码执行被委托给 0x8a67b5020ee254ef48e3b6a04927f39baf7e408a。私钥可签名，但交易会经该合约执行，存在资金被控制风险,0000000000000000000000000000000000000000000000000000000000000512,F:\CTF-任务\hall_haoyun\hall_haoyun\src_cocos2d-jsb.js
eth,0xd9b4580c8ee95c4af527adf04417f47dd3f6c436,CTF-任务-159,hall_haoyun,1.6e-17,,ETH,1.6e-17,False,True,False,True,0x8a67b5020ee254ef48e3b6a04927f39baf7e408a,⚠ EIP-7702 委托账户：代码执行被委托给 0x8a67b5020ee254ef48e3b6a04927f39baf7e408a。私钥可签名，但交易会经该合约执行，存在资金被控制风险,0000000000000000000000000000000000000000000000000000000000000517,F:\CTF-任务\hall_haoyun\hall_haoyun\src_cocos2d-jsb.js
eth,0xd8649a30790689a3c631fe3db9afe39483cd24a9,CTF-任务-528,wj_apk,2.4e-17,,ETH,2.4e-17,False,True,False,True,0x8a67b5020ee254ef48e3b6a04927f39baf7e408a,⚠ EIP-7702 委托账户：代码执行被委托给 0x8a67b5020ee254ef48e3b6a04927f39baf7e408a。私钥可签名，但交易会经该合约执行，存在资金被控制风险,0000000000000000000000000000000000000000000000000000000000001199,F:\CTF-任务\wj_apk\wj_apk\evidence\wallet_records.jsonl
eth,0xee4e2c43a64783bc6a296db26e1b140245a6efc4,CTF-任务-105,gccfund,1.6e-17,,ETH,1.6e-17,False,True,False,True,0x0e04736a85433445ef602d07946671685ec94647,⚠ EIP-7702 委托账户：代码执行被委托给 0x0e04736a85433445ef602d07946671685ec94647。私钥可签名，但交易会经该合约执行，存在资金被控制风险,0000000000000000000000000000000000000000000000000000000000001015,F:\CTF-任务\gccfund\artifacts\gccfund\01-recon\raw\chunks\web-CaeGxNKM.js
eth,0xe94b88e3c2b72e1a1931960f723f4ca5c5dd2f48,CTF-任务-162,臻途,2.4e-17,,ETH,2.4e-17,False,True,False,True,0x8a67b5020ee254ef48e3b6a04927f39baf7e408a,⚠ EIP-7702 委托账户：代码执行被委托给 0x8a67b5020ee254ef48e3b6a04927f39baf7e408a。私钥可签名，但交易会经该合约执行，存在资金被控制风险,0000000000000000000000000000000000000000000000000000000000000671,F:\CTF-任务\臻途\artifacts\_待归类收回-20260916\cases-apk_analysis\apk_analysis\bundle_decompiled.js
eth,0xe8c10ac409fb3788382972a5ac0928deb5df0505,CTF-任务-289,dapplink代码库,1.6e-17,,ETH,1.6e-17,False,True,False,True,0x8a67b5020ee254ef48e3b6a04927f39baf7e408a,⚠ EIP-7702 委托账户：代码执行被委托给 0x8a67b5020ee254ef48e3b6a04927f39baf7e408a。私钥可签名，但交易会经该合约执行，存在资金被控制风险,0000000000000000000000000000000000000000000000000000000000000229,F:\CTF-任务\dapplink代码库\gh\dapplink\client\docs\swagger-ui\swagger-ui-bundle.js
eth,0xea5a8b7c8ae6f6acee81d5e8da5cb242e47be65f,CTF-任务-1365,hall_haoyun,1.6e-17,,ETH,1.6e-17,False,True,False,True,0x8a67b5020ee254ef48e3b6a04927f39baf7e408a,⚠ EIP-7702 委托账户：代码执行被委托给 0x8a67b5020ee254ef48e3b6a04927f39baf7e408a。私钥可签名，但交易会经该合约执行，存在资金被控制风险,0000000000000000000000000000000000000000000000000000000000000242,F:\CTF-任务\hall_haoyun\hall_haoyun\apk_extracted\assets\cfg\a\DVDirectory.cfg
eth,0xf4f1a4e3b23b00d11460a0ec619600ce4a6be6dd,CTF-任务-8,aixai,1.6e-17,,ETH,1.6e-17,False,True,False,True,0x8a67b5020ee254ef48e3b6a04927f39baf7e408a,⚠ EIP-7702 委托账户：代码执行被委托给 0x8a67b5020ee254ef48e3b6a04927f39baf7e408a。私钥可签名，但交易会经该合约执行，存在资金被控制风险,0000000000000000000000000000000000000000000000000000000000000213,F:\CTF-任务\aixai\aixai\apk_full\assets\public\lottie-json\home-four-coin.json
eth,0xb055d20faa7c557a699a9fef9d4e5c0244865d38,CTF-任务-5,dapplink代码库,2.4e-17,,ETH,2.4e-17,False,True,False,True,0x8a67b5020ee254ef48e3b6a04927f39baf7e408a,⚠ EIP-7702 委托账户：代码执行被委托给 0x8a67b5020ee254ef48e3b6a04927f39baf7e408a。私钥可签名，但交易会经该合约执行，存在资金被控制风险,0000000000000000000000000000000000000000000000000000000000000546,F:\CTF-任务\dapplink代码库\gh\dexco\src\App.vue
eth,0xf56ac4c71f4609c56f0f4b06200bb6c42c601211,CTF-任务-511,wj_apk,1.6e-17,,ETH,1.6e-17,False,True,False,True,0x0e04736a85433445ef602d07946671685ec94647,⚠ EIP-7702 委托账户：代码执行被委托给 0x0e04736a85433445ef602d07946671685ec94647。私钥可签名，但交易会经该合约执行，存在资金被控制风险,0000000000000000000000000000000000000000000000000000000000000397,F:\CTF-任务\wj_apk\wj_apk\evidence\wallet_records.jsonl
eth,0xef826e6b9b2edf8440b92d23c1adb76f07595363,CTF-任务-379,evccoin,2.4e-17,,ETH,2.4e-17,False,True,False,True,0x8a67b5020ee254ef48e3b6a04927f39baf7e408a,⚠ EIP-7702 委托账户：代码执行被委托给 0x8a67b5020ee254ef48e3b6a04927f39baf7e408a。私钥可签名，但交易会经该合约执行，存在资金被控制风险,0000000000000000000000000000000000000000000000000000000000000f0e,F:\CTF-任务\evccoin\artifacts\evccoin\wordlists\rockyou.txt.gz
eth,0xf65abd13a8bcda344b93aef23e87e91409d85224,CTF-任务-2343,hall_haoyun,1.6e-17,,ETH,1.6e-17,False,True,False,True,0x0e04736a85433445ef602d07946671685ec94647,⚠ EIP-7702 委托账户：代码执行被委托给 0x0e04736a85433445ef602d07946671685ec94647。私钥可签名，但交易会经该合约执行，存在资金被控制风险,0000000000000000000000000000000000000000000000000000000000001154,F:\CTF-任务\hall_haoyun\hall_haoyun\apk_extracted\assets\cfg\a\mode_1\map.sdkrs
eth,0xf1040b7ef1a3998ab8698b4c8831b7032886bc49,CTF-任务-90,wcn,4e-18,,ETH,4e-18,False,True,False,True,0x8a67b5020ee254ef48e3b6a04927f39baf7e408a,⚠ EIP-7702 委托账户：代码执行被委托给 0x8a67b5020ee254ef48e3b6a04927f39baf7e408a。私钥可签名，但交易会经该合约执行，存在资金被控制风险,00000000000000000000000000000000000000000000000000000000000009a8,F:\CTF-任务\wcn\images\wca_img\layer3.tar
eth,0xf7055b769ecaa0bfa1a60aa55d5561fe4a168148,CTF-任务-373,hall_haoyun,1.6e-17,,ETH,1.6e-17,False,True,False,True,0x8a67b5020ee254ef48e3b6a04927f39baf7e408a,⚠ EIP-7702 委托账户：代码执行被委托给 0x8a67b5020ee254ef48e3b6a04927f39baf7e408a。私钥可签名，但交易会经该合约执行，存在资金被控制风险,0000000000000000000000000000000000000000000000000000000000000136,F:\CTF-任务\hall_haoyun\hall_haoyun\apk_extracted\assets\cfg\a\DVDirectory.cfg
eth,0xf7862d105fc6ee69604decc30aa89472ad405961,CTF-任务-36,999swap,5.9e-17,,ETH,5.9e-17,False,True,False,True,0x8a67b5020ee254ef48e3b6a04927f39baf7e408a,⚠ EIP-7702 委托账户：代码执行被委托给 0x8a67b5020ee254ef48e3b6a04927f39baf7e408a。私钥可签名，但交易会经该合约执行，存在资金被控制风险,00000000000000000000000000000000000000000000000000000000000000ee,F:\CTF-任务\999swap\artifacts\999swap\01-recon\raw\js\0tmbg_rh4g7jn.js
eth,0xeb60b2f6ffc7c2ea03e85765b6c6d32de4505b7a,CTF-任务-1247,hall_haoyun,4e-18,,ETH,4e-18,False,True,False,True,0x8a67b5020ee254ef48e3b6a04927f39baf7e408a,⚠ EIP-7702 委托账户：代码执行被委托给 0x8a67b5020ee254ef48e3b6a04927f39baf7e408a。私钥可签名，但交易会经该合约执行，存在资金被控制风险,0000000000000000000000000000000000000000000000000000000000000328,F:\CTF-任务\hall_haoyun\hall_haoyun\apk_extracted\assets\cfg\a\DVDirectory.cfg
eth,0xf6c239edd6cc0e582e4cd326f9da7c41fa11ba11,CTF-任务-104,bvs,2.4e-17,,ETH,2.4e-17,False,True,False,True,0x8a67b5020ee254ef48e3b6a04927f39baf7e408a,⚠ EIP-7702 委托账户：代码执行被委托给 0x8a67b5020ee254ef48e3b6a04927f39baf7e408a。私钥可签名，但交易会经该合约执行，存在资金被控制风险,0000000000000000000000000000000000000000000000000000000000000490,F:\CTF-任务\bvs\bvs\frontend.js
eth,0xdd371bc3594e563fe520f6ff3a7f88cbbcdbec84,CTF-任务-115,lulu,1.6e-17,,ETH,1.6e-17,False,True,False,True,0x8a67b5020ee254ef48e3b6a04927f39baf7e408a,⚠ EIP-7702 委托账户：代码执行被委托给 0x8a67b5020ee254ef48e3b6a04927f39baf7e408a。私钥可签名，但交易会经该合约执行，存在资金被控制风险,0000000000000000000000000000000000000000000000000000000000000950,F:\CTF-任务\lulu\artifacts\lulu\cache\data.unity3d
eth,0xd4e6d112ad5517797bb6d5eaedcfa16af7a8578b,CTF-任务-834,hall_haoyun,1.6e-17,,ETH,1.6e-17,False,True,False,True,0x8a67b5020ee254ef48e3b6a04927f39baf7e408a,⚠ EIP-7702 委托账户：代码执行被委托给 0x8a67b5020ee254ef48e3b6a04927f39baf7e408a。私钥可签名，但交易会经该合约执行，存在资金被控制风险,0000000000000000000000000000000000000000000000000000000000000311,F:\CTF-任务\hall_haoyun\hall_haoyun\apk_extracted\assets\cfg\a\DVDirectory.cfg
eth,0xf5badc43e80a1ba8d914169ebe958eb5fa4815b9,CTF-任务-486,nxpro,1.6e-17,,ETH,1.6e-17,False,True,False,True,0x8a67b5020ee254ef48e3b6a04927f39baf7e408a,⚠ EIP-7702 委托账户：代码执行被委托给 0x8a67b5020ee254ef48e3b6a04927f39baf7e408a。私钥可签名，但交易会经该合约执行，存在资金被控制风险,0000000000000000000000000000000000000000000000000000000000000529,F:\CTF-任务\nxpro\artifacts\nxpro\cache\rockyou.txt.tar.gz
eth,0xf237d0f4ade2291db00818e3aa816760ea85f10e,CTF-任务-2265,hall_haoyun,2.4e-17,,ETH,2.4e-17,False,True,False,True,0x8a67b5020ee254ef48e3b6a04927f39baf7e408a,⚠ EIP-7702 委托账户：代码执行被委托给 0x8a67b5020ee254ef48e3b6a04927f39baf7e408a。私钥可签名，但交易会经该合约执行，存在资金被控制风险,0000000000000000000000000000000000000000000000000000000000000933,F:\CTF-任务\hall_haoyun\hall_haoyun\apk_extracted\assets\cfg\a\mode_1\map.sdkrs
eth,0xe496248c5a4abf421e15a192de7a2e082a98b700,CTF-任务-169,oraswap,8e-18,,ETH,8e-18,False,True,False,True,0x8a67b5020ee254ef48e3b6a04927f39baf7e408a,⚠ EIP-7702 委托账户：代码执行被委托给 0x8a67b5020ee254ef48e3b6a04927f39baf7e408a。私钥可签名，但交易会经该合约执行，存在资金被控制风险,0000000000000000000000000000000000000000000000000000000000000409,F:\CTF-任务\oraswap\oraswap\web3.js
eth,0xa0b2b74d28fd9f31474aec78fb6acc487722d96c,CTF-任务-1516,hall_haoyun,2.4e-17,,ETH,2.4e-17,False,True,False,True,0x0e04736a85433445ef602d07946671685ec94647,⚠ EIP-7702 委托账户：代码执行被委托给 0x0e04736a85433445ef602d07946671685ec94647。私钥可签名，但交易会经该合约执行，存在资金被控制风险,0000000000000000000000000000000000000000000000000000000000000334,F:\CTF-任务\hall_haoyun\hall_haoyun\apk_extracted\assets\cfg\a\DVDirectory.cfg
bsc,0x07135a93e437ac249b9491c2b45c720bae0f82b8,CTF-任务-286,pots,2.8e-17,,BNB,2.8e-17,False,True,False,True,0x1c3630c594effaac3e9aea562ee26a65b171763c,⚠ EIP-7702 委托账户：代码执行被委托给 0x1c3630c594effaac3e9aea562ee26a65b171763c。私钥可签名，但交易会经该合约执行，存在资金被控制风险,0000000000000000000000000000000000000000000000000000000000001006,F:\CTF-任务\pots\pots\landing.js
bsc,0x0333b10dac36b1fee9b2af9723a69e497dd4b728,CTF-任务-460,wcn,2.8e-17,,BNB,2.8e-17,False,True,False,True,0x1c3630c594effaac3e9aea562ee26a65b171763c,⚠ EIP-7702 委托账户：代码执行被委托给 0x1c3630c594effaac3e9aea562ee26a65b171763c。私钥可签名，但交易会经该合约执行，存在资金被控制风险,0000000000000000000000000000000000000000000000000000000000000922,F:\CTF-任务\wcn\rootfs-extract\wcn_extract\lib\libcrypto.so.3
bsc,0x016e4cdbd7de6697a451082a39d8298de0953d9d,CTF-任务-235,arig-aster,2.8e-17,,BNB,2.8e-17,False,True,False,True,0x1c3630c594effaac3e9aea562ee26a65b171763c,⚠ EIP-7702 委托账户：代码执行被委托给 0x1c3630c594effaac3e9aea562ee26a65b171763c。私钥可签名，但交易会经该合约执行，存在资金被控制风险,0000000000000000000000000000000000000000000000000000000000000540,F:\CTF-任务\arig-aster\artifacts\arig-aster\02-web\passive\us_result.html
bsc,0x028e4874e619e56d60434e2d10b818a82d6e3ebd,CTF-任务-966,hall_haoyun,2.8e-17,,BNB,2.8e-17,False,True,False,True,0x8a67b5020ee254ef48e3b6a04927f39baf7e408a,⚠ EIP-7702 委托账户：代码执行被委托给 0x8a67b5020ee254ef48e3b6a04927f39baf7e408a。私钥可签名，但交易会经该合约执行，存在资金被控制风险,0000000000000000000000000000000000000000000000000000000000000318,F:\CTF-任务\hall_haoyun\hall_haoyun\apk_extracted\assets\cfg\a\DVDirectory.cfg
bsc,0x06ef4ac6415de97a4dcb44758aaf3482d55e9219,CTF-任务-72,onchainsage,2.8e-17,,BNB,2.8e-17,False,True,False,True,0x1c3630c594effaac3e9aea562ee26a65b171763c,⚠ EIP-7702 委托账户：代码执行被委托给 0x1c3630c594effaac3e9aea562ee26a65b171763c。私钥可签名，但交易会经该合约执行，存在资金被控制风险,0000000000000000000000000000000000000000000000000000000000000809,F:\CTF-任务\onchainsage\onchainsage\repos\onchainsage\apps\data-processing\data\sentiment_lstm_model.h5
bsc,0x0049cda3305ccb9cb23e7ce2528cef555e9a5b32,CTF-任务-42,anchormcn,2.8e-17,,BNB,2.8e-17,False,True,False,True,0x1c3630c594effaac3e9aea562ee26a65b171763c,⚠ EIP-7702 委托账户：代码执行被委托给 0x1c3630c594effaac3e9aea562ee26a65b171763c。私钥可签名，但交易会经该合约执行，存在资金被控制风险,0000000000000000000000000000000000000000000000000000000000000325,F:\CTF-任务\anchormcn\anchormcn\dev21.js
bsc,0x05d3e7e2204ca88c15dce529f08139d291003726,CTF-任务-21,dapplink代码库,2.8e-17,,BNB,2.8e-17,False,True,False,True,0x1c3630c594effaac3e9aea562ee26a65b171763c,⚠ EIP-7702 委托账户：代码执行被委托给 0x1c3630c594effaac3e9aea562ee26a65b171763c。私钥可签名，但交易会经该合约执行，存在资金被控制风险,0000000000000000000000000000000000000000000000000000000000001070,F:\CTF-任务\dapplink代码库\gh\blockadmin\common\static\css\bootstrap.min.css
bsc,0x03e30adebb65ad9c91384f2a1511fa3096fdbd5d,CTF-任务-2132,hall_haoyun,2.8e-17,,BNB,2.8e-17,False,True,False,True,0x1c3630c594effaac3e9aea562ee26a65b171763c,⚠ EIP-7702 委托账户：代码执行被委托给 0x1c3630c594effaac3e9aea562ee26a65b171763c。私钥可签名，但交易会经该合约执行，存在资金被控制风险,0000000000000000000000000000000000000000000000000000000000001512,F:\CTF-任务\hall_haoyun\hall_haoyun\apk_extracted\assets\cfg\a\mode_1\map.sdkrs
bsc,0x01045645eee1f2098c17700814b9a1210af5de7b,CTF-任务-152,aixai,2.8e-17,,BNB,2.8e-17,False,True,False,True,0x1c3630c594effaac3e9aea562ee26a65b171763c,⚠ EIP-7702 委托账户：代码执行被委托给 0x1c3630c594effaac3e9aea562ee26a65b171763c。私钥可签名，但交易会经该合约执行，存在资金被控制风险,0000000000000000000000000000000000000000000000000000000000001024,F:\CTF-任务\aixai\artifacts\aixai\admin_panel.js
bsc,0x05f69863e3ce542b0d8792e886684b9dcd8a6070,CTF-任务-145,onchainsage,2.8e-17,,BNB,2.8e-17,False,True,False,True,0x1c3630c594effaac3e9aea562ee26a65b171763c,⚠ EIP-7702 委托账户：代码执行被委托给 0x1c3630c594effaac3e9aea562ee26a65b171763c。私钥可签名，但交易会经该合约执行，存在资金被控制风险,0000000000000000000000000000000000000000000000000000000000000843,F:\CTF-任务\onchainsage\onchainsage\repos\onchainsage\apps\data-processing\data\sentiment_lstm_model.h5
bsc,0x013527f95a72f2f95bff5d10d3f7c20c42f74801,CTF-任务-309,gccfund,2.8e-17,,BNB,2.8e-17,False,True,False,True,0x1c3630c594effaac3e9aea562ee26a65b171763c,⚠ EIP-7702 委托账户：代码执行被委托给 0x1c3630c594effaac3e9aea562ee26a65b171763c。私钥可签名，但交易会经该合约执行，存在资金被控制风险,0000000000000000000000000000000000000000000000000000000000000235,F:\CTF-任务\gccfund\artifacts\gccfund\cache\withdrawals_recipients_agg.json
bsc,0x04b3e74762823b5c573000485393c557fc3422a2,CTF-任务-3183,hall_haoyun,2.8e-17,,BNB,2.8e-17,False,True,False,True,0x1c3630c594effaac3e9aea562ee26a65b171763c,⚠ EIP-7702 委托账户：代码执行被委托给 0x1c3630c594effaac3e9aea562ee26a65b171763c。私钥可签名，但交易会经该合约执行，存在资金被控制风险,0000000000000000000000000000000000000000000000000000000000001469,F:\CTF-任务\hall_haoyun\hall_haoyun\apk_extracted\assets\cfg\idrres\ResPackIndoorMap.sdkrs
bsc,0x094e6131fdc6801532dc775163b91f9b4d1956f0,CTF-任务-387,evccoin,2.8e-17,,BNB,2.8e-17,False,True,False,True,0x1c3630c594effaac3e9aea562ee26a65b171763c,⚠ EIP-7702 委托账户：代码执行被委托给 0x1c3630c594effaac3e9aea562ee26a65b171763c。私钥可签名，但交易会经该合约执行，存在资金被控制风险,0000000000000000000000000000000000000000000000000000000000000726,F:\CTF-任务\evccoin\artifacts\evccoin\wordlists\rockyou.txt.gz
bsc,0x07e2855af648791f0233f0c9749d2b1aa03a1d00,CTF-任务-280,gccfund,2.8e-17,,BNB,2.8e-17,False,True,False,True,0x1c3630c594effaac3e9aea562ee26a65b171763c,⚠ EIP-7702 委托账户：代码执行被委托给 0x1c3630c594effaac3e9aea562ee26a65b171763c。私钥可签名，但交易会经该合约执行，存在资金被控制风险,0000000000000000000000000000000000000000000000000000000000000732,F:\CTF-任务\gccfund\artifacts\gccfund\cache\withdrawals_recipients_agg.json
bsc,0x012573874c17814369a5567eeb681497e4a16396,CTF-任务-2971,hall_haoyun,2.8e-17,,BNB,2.8e-17,False,True,False,True,0x1c3630c594effaac3e9aea562ee26a65b171763c,⚠ EIP-7702 委托账户：代码执行被委托给 0x1c3630c594effaac3e9aea562ee26a65b171763c。私钥可签名，但交易会经该合约执行，存在资金被控制风险,0000000000000000000000000000000000000000000000000000000000001128,F:\CTF-任务\hall_haoyun\hall_haoyun\apk_extracted\assets\cfg\idrres\ResPackIndoorMap.sdkrs
bsc,0x0295f74fb5ea4c574d7f7c4b771372823b42ce80,CTF-任务-2989,hall_haoyun,2.8e-17,,BNB,2.8e-17,False,True,False,True,0x1c3630c594effaac3e9aea562ee26a65b171763c,⚠ EIP-7702 委托账户：代码执行被委托给 0x1c3630c594effaac3e9aea562ee26a65b171763c。私钥可签名，但交易会经该合约执行，存在资金被控制风险,0000000000000000000000000000000000000000000000000000000000001186,F:\CTF-任务\hall_haoyun\hall_haoyun\apk_extracted\assets\cfg\idrres\ResPackIndoorMap.sdkrs
bsc,0x0cb71251b4c4e65442e5f4d28e396ef9de6271ec,CTF-任务-943,hall_haoyun,2.8e-17,,BNB,2.8e-17,False,True,False,True,0x8a67b5020ee254ef48e3b6a04927f39baf7e408a,⚠ EIP-7702 委托账户：代码执行被委托给 0x8a67b5020ee254ef48e3b6a04927f39baf7e408a。私钥可签名，但交易会经该合约执行，存在资金被控制风险,0000000000000000000000000000000000000000000000000000000000000223,F:\CTF-任务\hall_haoyun\hall_haoyun\apk_extracted\assets\cfg\a\DVDirectory.cfg
bsc,0x0e2d615144883f359cb3471425f1377f16d45ce7,CTF-任务-407,wcn,2.8e-17,,BNB,2.8e-17,False,True,False,True,0x1c3630c594effaac3e9aea562ee26a65b171763c,⚠ EIP-7702 委托账户：代码执行被委托给 0x1c3630c594effaac3e9aea562ee26a65b171763c。私钥可签名，但交易会经该合约执行，存在资金被控制风险,0000000000000000000000000000000000000000000000000000000000000388,F:\CTF-任务\wcn\images\wca_img\layer4.tar
bsc,0x044dadb41daf803c7f5a3391d33811a6e2e95872,CTF-任务-350,臻途,2.8e-17,,BNB,2.8e-17,False,True,False,True,0x1c3630c594effaac3e9aea562ee26a65b171763c,⚠ EIP-7702 委托账户：代码执行被委托给 0x1c3630c594effaac3e9aea562ee26a65b171763c。私钥可签名，但交易会经该合约执行，存在资金被控制风险,0000000000000000000000000000000000000000000000000000000000000580,F:\CTF-任务\臻途\artifacts\_待归类收回-20260916\cases-apk_analysis\apk_analysis\bundle_decompiled.js
bsc,0x122e2d365cb05bd573b77aadae6764973ee527e5,CTF-任务-22,hall_haoyun,2.8e-17,,BNB,2.8e-17,False,True,False,True,0x1c3630c594effaac3e9aea562ee26a65b171763c,⚠ EIP-7702 委托账户：代码执行被委托给 0x1c3630c594effaac3e9aea562ee26a65b171763c。私钥可签名，但交易会经该合约执行，存在资金被控制风险,0000000000000000000000000000000000000000000000000000000000000682,F:\CTF-任务\hall_haoyun\hall_haoyun\apk_extracted\assets\res\import\0c\0c45c91e1.json
bsc,0x0b1199f2e7edecbf259636da791749897af45a1f,CTF-任务-3046,hall_haoyun,2.8e-17,,BNB,2.8e-17,False,True,False,True,0x1c3630c594effaac3e9aea562ee26a65b171763c,⚠ EIP-7702 委托账户：代码执行被委托给 0x1c3630c594effaac3e9aea562ee26a65b171763c。私钥可签名，但交易会经该合约执行，存在资金被控制风险,0000000000000000000000000000000000000000000000000000000000001201,F:\CTF-任务\hall_haoyun\hall_haoyun\apk_extracted\assets\cfg\idrres\ResPackIndoorMap.sdkrs
bsc,0x0ba91cbbb001a52158130a514d7e338edcdb9bb0,CTF-任务-227,臻途,2.8e-17,,BNB,2.8e-17,False,True,False,True,0x1c3630c594effaac3e9aea562ee26a65b171763c,⚠ EIP-7702 委托账户：代码执行被委托给 0x1c3630c594effaac3e9aea562ee26a65b171763c。私钥可签名，但交易会经该合约执行，存在资金被控制风险,0000000000000000000000000000000000000000000000000000000000001078,F:\CTF-任务\臻途\artifacts\_待归类收回-20260916\cases-apk_analysis\apk_analysis\bundle_decompiled.js
bsc,0x0e4d535c5cd3ce0ac5058e968c62e8a1ea235b8f,CTF-任务-308,hall_haoyun,2.8e-17,,BNB,2.8e-17,False,True,False,True,0x1c3630c594effaac3e9aea562ee26a65b171763c,⚠ EIP-7702 委托账户：代码执行被委托给 0x1c3630c594effaac3e9aea562ee26a65b171763c。私钥可签名，但交易会经该合约执行，存在资金被控制风险,0000000000000000000000000000000000000000000000000000000000000358,F:\CTF-任务\hall_haoyun\hall_haoyun\apk_extracted\assets\cfg\a\DVDirectory.cfg
bsc,0x09881b4aa5420c2823e0e0e58834281df0523582,CTF-任务-31,hall_haoyun,2.8e-17,,BNB,2.8e-17,False,True,False,True,0x8a67b5020ee254ef48e3b6a04927f39baf7e408a,⚠ EIP-7702 委托账户：代码执行被委托给 0x8a67b5020ee254ef48e3b6a04927f39baf7e408a。私钥可签名，但交易会经该合约执行，存在资金被控制风险,0000000000000000000000000000000000000000000000000000000000000424,F:\CTF-任务\hall_haoyun\hall_haoyun\remote_res\import\05\05d33fb60.json
bsc,0x0b8c7dc947b4433bae5bf04e3550659894e6e3c3,CTF-任务-73,aixai,2.8e-17,,BNB,2.8e-17,False,True,False,True,0x1c3630c594effaac3e9aea562ee26a65b171763c,⚠ EIP-7702 委托账户：代码执行被委托给 0x1c3630c594effaac3e9aea562ee26a65b171763c。私钥可签名，但交易会经该合约执行，存在资金被控制风险,0000000000000000000000000000000000000000000000000000000000000973,F:\CTF-任务\aixai\aixai\apk_full\assets\public\lottie-json\5iuHElts9a.json
bsc,0x04e469202b478ec7d26fa2b72d0504ad878d21ed,CTF-任务-25,hall_haoyun,2.8e-17,,BNB,2.8e-17,False,True,False,True,0x1c3630c594effaac3e9aea562ee26a65b171763c,⚠ EIP-7702 委托账户：代码执行被委托给 0x1c3630c594effaac3e9aea562ee26a65b171763c。私钥可签名，但交易会经该合约执行，存在资金被控制风险,0000000000000000000000000000000000000000000000000000000000000738,F:\CTF-任务\hall_haoyun\hall_haoyun\apk_extracted\assets\res\import\0c\0c45c91e1.json
bsc,0x13f8762abbe51f5f39971fb39b938eec18c76ae6,CTF-任务-382,evccoin,2.8e-17,,BNB,2.8e-17,False,True,False,True,0x1c3630c594effaac3e9aea562ee26a65b171763c,⚠ EIP-7702 委托账户：代码执行被委托给 0x1c3630c594effaac3e9aea562ee26a65b171763c。私钥可签名，但交易会经该合约执行，存在资金被控制风险,0000000000000000000000000000000000000000000000000000000000000774,F:\CTF-任务\evccoin\artifacts\evccoin\wordlists\rockyou.txt.gz
bsc,0x0f55e0e83584df4ac48aaaace2c7898d0219a536,CTF-任务-2464,hall_haoyun,2.8e-17,,BNB,2.8e-17,False,True,False,True,0x1c3630c594effaac3e9aea562ee26a65b171763c,⚠ EIP-7702 委托账户：代码执行被委托给 0x1c3630c594effaac3e9aea562ee26a65b171763c。私钥可签名，但交易会经该合约执行，存在资金被控制风险,0000000000000000000000000000000000000000000000000000000000001246,F:\CTF-任务\hall_haoyun\hall_haoyun\apk_extracted\assets\cfg\a\mode_1\map.sdkrs
bsc,0x0c97b4d4f0803a95d7dcb175a3d417131a75bd25,CTF-任务-2926,hall_haoyun,2.8e-17,,BNB,2.8e-17,False,True,False,True,0x1c3630c594effaac3e9aea562ee26a65b171763c,⚠ EIP-7702 委托账户：代码执行被委托给 0x1c3630c594effaac3e9aea562ee26a65b171763c。私钥可签名，但交易会经该合约执行，存在资金被控制风险,0000000000000000000000000000000000000000000000000000000000001354,F:\CTF-任务\hall_haoyun\hall_haoyun\apk_extracted\assets\cfg\idrres\ResPackIndoorMap.sdkrs
bsc,0x12f7735826efa17d50d35f6205b6bff4b7703709,CTF-任务-14,hall_haoyun,2.8e-17,,BNB,2.8e-17,False,True,False,True,0x1c3630c594effaac3e9aea562ee26a65b171763c,⚠ EIP-7702 委托账户：代码执行被委托给 0x1c3630c594effaac3e9aea562ee26a65b171763c。私钥可签名，但交易会经该合约执行，存在资金被控制风险,0000000000000000000000000000000000000000000000000000000000000448,F:\CTF-任务\hall_haoyun\hall_haoyun\apk_extracted\assets\res\import\0c\0c45c91e1.json
bsc,0x09d00011e8eb3d6cf80a6f96b84bb15df73b29aa,CTF-任务-103,oraswap,2.8e-17,,BNB,2.8e-17,False,True,False,True,0x1c3630c594effaac3e9aea562ee26a65b171763c,⚠ EIP-7702 委托账户：代码执行被委托给 0x1c3630c594effaac3e9aea562ee26a65b171763c。私钥可签名，但交易会经该合约执行，存在资金被控制风险,0000000000000000000000000000000000000000000000000000000000000997,F:\CTF-任务\oraswap\oraswap\nodelist.json
bsc,0x14867e289ffe550d3956bda69667f521a22d2bad,CTF-任务-714,hall_haoyun,2.8e-17,,BNB,2.8e-17,False,True,False,True,0x1c3630c594effaac3e9aea562ee26a65b171763c,⚠ EIP-7702 委托账户：代码执行被委托给 0x1c3630c594effaac3e9aea562ee26a65b171763c。私钥可签名，但交易会经该合约执行，存在资金被控制风险,0000000000000000000000000000000000000000000000000000000000000210,F:\CTF-任务\hall_haoyun\hall_haoyun\apk_extracted\assets\cfg\a\DVDirectory.cfg
bsc,0x15447d67283eae63be7d0a6dc5d59b8dd4225146,CTF-任务-155,pjuyr,2.8e-17,,BNB,2.8e-17,False,True,False,True,0x1c3630c594effaac3e9aea562ee26a65b171763c,⚠ EIP-7702 委托账户：代码执行被委托给 0x1c3630c594effaac3e9aea562ee26a65b171763c。私钥可签名，但交易会经该合约执行，存在资金被控制风险,0000000000000000000000000000000000000000000000000000000000000a10,F:\CTF-任务\pjuyr\all_assets\pjuyr_all_assets\data\visits_full.json
bsc,0x1734cde6e579e5b8c77d3845a89d28dc2795d86b,CTF-任务-8,aixai,2.8e-17,,BNB,2.8e-17,False,True,False,True,0x1c3630c594effaac3e9aea562ee26a65b171763c,⚠ EIP-7702 委托账户：代码执行被委托给 0x1c3630c594effaac3e9aea562ee26a65b171763c。私钥可签名，但交易会经该合约执行，存在资金被控制风险,0000000000000000000000000000000000000000000000000000000000000797,F:\CTF-任务\aixai\artifacts\aixai\apk_full\classes.dex
bsc,0x13ccf419e44695fc3ae4b28b274f7cf8945075a6,CTF-任务-2570,hall_haoyun,2.8e-17,,BNB,2.8e-17,False,True,False,True,0x1c3630c594effaac3e9aea562ee26a65b171763c,⚠ EIP-7702 委托账户：代码执行被委托给 0x1c3630c594effaac3e9aea562ee26a65b171763c。私钥可签名，但交易会经该合约执行，存在资金被控制风险,0000000000000000000000000000000000000000000000000000000000001224,F:\CTF-任务\hall_haoyun\hall_haoyun\apk_extracted\assets\cfg\a\mode_1\reduct.sdkrs
bsc,0x18e17cab792bc6fddc73f8a0247f8bfcf0da49af,CTF-任务-1300,hall_haoyun,2.8e-17,,BNB,2.8e-17,False,True,False,True,0x1c3630c594effaac3e9aea562ee26a65b171763c,⚠ EIP-7702 委托账户：代码执行被委托给 0x1c3630c594effaac3e9aea562ee26a65b171763c。私钥可签名，但交易会经该合约执行，存在资金被控制风险,0000000000000000000000000000000000000000000000000000000000000239,F:\CTF-任务\hall_haoyun\hall_haoyun\apk_extracted\assets\cfg\a\DVDirectory.cfg
bsc,0x18c466fbf537555ab2587d30ecb3d0369d78f5e2,CTF-任务-1913,hall_haoyun,2.8e-17,,BNB,2.8e-17,False,True,False,True,0x1c3630c594effaac3e9aea562ee26a65b171763c,⚠ EIP-7702 委托账户：代码执行被委托给 0x1c3630c594effaac3e9aea562ee26a65b171763c。私钥可签名，但交易会经该合约执行，存在资金被控制风险,0000000000000000000000000000000000000000000000000000000000000628,F:\CTF-任务\hall_haoyun\hall_haoyun\apk_extracted\assets\cfg\a\mode_1\map.sdkrs
bsc,0x135df6db8c0ab992a00eda63e9c3169b1dd693e8,CTF-任务-2120,hall_haoyun,2.8e-17,,BNB,2.8e-17,False,True,False,True,0x1c3630c594effaac3e9aea562ee26a65b171763c,⚠ EIP-7702 委托账户：代码执行被委托给 0x1c3630c594effaac3e9aea562ee26a65b171763c。私钥可签名，但交易会经该合约执行，存在资金被控制风险,0000000000000000000000000000000000000000000000000000000000000635,F:\CTF-任务\hall_haoyun\hall_haoyun\apk_extracted\assets\cfg\a\mode_1\map.sdkrs
bsc,0x1a25e2dc7a59fccadd84a091697075f1a9903b65,CTF-任务-255,wcn,4e-18,,BNB,4e-18,False,True,False,True,0x1c3630c594effaac3e9aea562ee26a65b171763c,⚠ EIP-7702 委托账户：代码执行被委托给 0x1c3630c594effaac3e9aea562ee26a65b171763c。私钥可签名，但交易会经该合约执行，存在资金被控制风险,0000000000000000000000000000000000000000000000000000000000000faf,F:\CTF-任务\wcn\images\wca_img\layer3.tar
bsc,0x1774f6563c621d83b79f13561ea367387ab0ccc8,CTF-任务-1252,hall_haoyun,2.8e-17,,BNB,2.8e-17,False,True,False,True,0x1c3630c594effaac3e9aea562ee26a65b171763c,⚠ EIP-7702 委托账户：代码执行被委托给 0x1c3630c594effaac3e9aea562ee26a65b171763c。私钥可签名，但交易会经该合约执行，存在资金被控制风险,0000000000000000000000000000000000000000000000000000000000000233,F:\CTF-任务\hall_haoyun\hall_haoyun\apk_extracted\assets\cfg\a\DVDirectory.cfg
bsc,0x1a1ee061abafd27176f4300f41a1c1d60379e9ba,CTF-任务-2429,hall_haoyun,2.8e-17,,BNB,2.8e-17,False,True,False,True,0x8a67b5020ee254ef48e3b6a04927f39baf7e408a,⚠ EIP-7702 委托账户：代码执行被委托给 0x8a67b5020ee254ef48e3b6a04927f39baf7e408a。私钥可签名，但交易会经该合约执行，存在资金被控制风险,0000000000000000000000000000000000000000000000000000000000000939,F:\CTF-任务\hall_haoyun\hall_haoyun\apk_extracted\assets\cfg\a\mode_1\map.sdkrs
bsc,0x196e27e3833868782f9c100700f609ea265409ce,CTF-任务-490,hall_haoyun,2.8e-17,,BNB,2.8e-17,False,True,False,True,0x1c3630c594effaac3e9aea562ee26a65b171763c,⚠ EIP-7702 委托账户：代码执行被委托给 0x1c3630c594effaac3e9aea562ee26a65b171763c。私钥可签名，但交易会经该合约执行，存在资金被控制风险,0000000000000000000000000000000000000000000000000000000000000338,F:\CTF-任务\hall_haoyun\hall_haoyun\apk_extracted\assets\cfg\a\DVDirectory.cfg
bsc,0x0c2ce915950f5a8b3460cfc5032329f1fdd82573,CTF-任务-153,onchainsage,2.8e-17,,BNB,2.8e-17,False,True,False,True,0x1c3630c594effaac3e9aea562ee26a65b171763c,⚠ EIP-7702 委托账户：代码执行被委托给 0x1c3630c594effaac3e9aea562ee26a65b171763c。私钥可签名，但交易会经该合约执行，存在资金被控制风险,0000000000000000000000000000000000000000000000000000000000000987,F:\CTF-任务\onchainsage\onchainsage\repos\onchainsage\apps\data-processing\data\sentiment_lstm_model.h5
bsc,0x179585cdbd4c8c4dc2e16e2f0f637cd7e040affb,CTF-任务-1236,hall_haoyun,2.8e-17,,BNB,2.8e-17,False,True,False,True,0x1c3630c594effaac3e9aea562ee26a65b171763c,⚠ EIP-7702 委托账户：代码执行被委托给 0x1c3630c594effaac3e9aea562ee26a65b171763c。私钥可签名，但交易会经该合约执行，存在资金被控制风险,0000000000000000000000000000000000000000000000000000000000000237,F:\CTF-任务\hall_haoyun\hall_haoyun\apk_extracted\assets\cfg\a\DVDirectory.cfg
bsc,0x1a14c80ed4ca5ffade18a275dea543e10834ad44,CTF-任务-164,hall_haoyun,2.8e-17,,BNB,2.8e-17,False,True,False,True,0x1c3630c594effaac3e9aea562ee26a65b171763c,⚠ EIP-7702 委托账户：代码执行被委托给 0x1c3630c594effaac3e9aea562ee26a65b171763c。私钥可签名，但交易会经该合约执行，存在资金被控制风险,0000000000000000000000000000000000000000000000000000000000000769,F:\CTF-任务\hall_haoyun\hall_haoyun\src_cocos2d-jsb.js
bsc,0x13fbafdeee7fefcbe2f5d3cb088603d5e1c0e0e4,CTF-任务-407,originworld,2.8e-17,,BNB,2.8e-17,False,True,False,True,0x1c3630c594effaac3e9aea562ee26a65b171763c,⚠ EIP-7702 委托账户：代码执行被委托给 0x1c3630c594effaac3e9aea562ee26a65b171763c。私钥可签名，但交易会经该合约执行，存在资金被控制风险,0000000000000000000000000000000000000000000000000000000000000386,F:\CTF-任务\originworld\originworld_scan\wp_layouts.html
bsc,0x1877976261f19b2a3eb6e6e88b07644f6f60d6a4,CTF-任务-236,dtcworld,2.8e-17,,BNB,2.8e-17,False,True,False,True,0x1c3630c594effaac3e9aea562ee26a65b171763c,⚠ EIP-7702 委托账户：代码执行被委托给 0x1c3630c594effaac3e9aea562ee26a65b171763c。私钥可签名，但交易会经该合约执行，存在资金被控制风险,0000000000000000000000000000000000000000000000000000000000002026,F:\CTF-任务\dtcworld\artifacts\dtcworld\cache\getlist-types.txt
bsc,0x1c4d4ebd8e440a1a7565f0e9f45412e9a22636d8,CTF-任务-46,onchainsage,2.8e-17,,BNB,2.8e-17,False,True,False,True,0x8a67b5020ee254ef48e3b6a04927f39baf7e408a,⚠ EIP-7702 委托账户：代码执行被委托给 0x8a67b5020ee254ef48e3b6a04927f39baf7e408a。私钥可签名，但交易会经该合约执行，存在资金被控制风险,00000000000000000000000000000000000000000000000000000000000001e0,F:\CTF-任务\onchainsage\onchainsage\admin_admin.onchainsage.ai.js
bsc,0x1f00cb66e68cf0b0ed4e3a44fd625eca7fe0baf2,CTF-任务-2164,hall_haoyun,4e-18,,BNB,4e-18,False,True,False,True,0x1c3630c594effaac3e9aea562ee26a65b171763c,⚠ EIP-7702 委托账户：代码执行被委托给 0x1c3630c594effaac3e9aea562ee26a65b171763c。私钥可签名，但交易会经该合约执行，存在资金被控制风险,0000000000000000000000000000000000000000000000000000000000000520,F:\CTF-任务\hall_haoyun\hall_haoyun\apk_extracted\assets\cfg\a\mode_1\map.sdkrs
bsc,0x1da5fcea86d6ccf9c8182a82cf06d15b0e15cc30,CTF-任务-88,aixai,2.8e-17,,BNB,2.8e-17,False,True,False,True,0x1c3630c594effaac3e9aea562ee26a65b171763c,⚠ EIP-7702 委托账户：代码执行被委托给 0x1c3630c594effaac3e9aea562ee26a65b171763c。私钥可签名，但交易会经该合约执行，存在资金被控制风险,0000000000000000000000000000000000000000000000000000000000000319,F:\CTF-任务\aixai\aixai\apk_full\assets\public\lottie-json\bottom-logo.json
bsc,0x1c9c0714d73d765d007cc242ca5f08ea5ea4493c,CTF-任务-2366,hall_haoyun,2.8e-17,,BNB,2.8e-17,False,True,False,True,0x1c3630c594effaac3e9aea562ee26a65b171763c,⚠ EIP-7702 委托账户：代码执行被委托给 0x1c3630c594effaac3e9aea562ee26a65b171763c。私钥可签名，但交易会经该合约执行，存在资金被控制风险,0000000000000000000000000000000000000000000000000000000000000938,F:\CTF-任务\hall_haoyun\hall_haoyun\apk_extracted\assets\cfg\a\mode_1\map.sdkrs
bsc,0x206bca117920d83063fe44b672d5657032f611d1,CTF-任务-978,hall_haoyun,2.8e-17,,BNB,2.8e-17,False,True,False,True,0x1c3630c594effaac3e9aea562ee26a65b171763c,⚠ EIP-7702 委托账户：代码执行被委托给 0x1c3630c594effaac3e9aea562ee26a65b171763c。私钥可签名，但交易会经该合约执行，存在资金被控制风险,0000000000000000000000000000000000000000000000000000000000000350,F:\CTF-任务\hall_haoyun\hall_haoyun\apk_extracted\assets\cfg\a\DVDirectory.cfg
bsc,0x18ead7469766a8160b56db7d91617e2c030a0875,CTF-任务-102,gccfund,2.8e-17,,BNB,2.8e-17,False,True,False,True,0x1c3630c594effaac3e9aea562ee26a65b171763c,⚠ EIP-7702 委托账户：代码执行被委托给 0x1c3630c594effaac3e9aea562ee26a65b171763c。私钥可签名，但交易会经该合约执行，存在资金被控制风险,0000000000000000000000000000000000000000000000000000000000001008,F:\CTF-任务\gccfund\artifacts\gccfund\01-recon\raw\chunks\web-CaeGxNKM.js
bsc,0x1526f1fcb09abc7ca27d0d5e044e7ea6fd1d1be6,CTF-任务-27,hall_haoyun,2.8e-17,,BNB,2.8e-17,False,True,False,True,0x1c3630c594effaac3e9aea562ee26a65b171763c,⚠ EIP-7702 委托账户：代码执行被委托给 0x1c3630c594effaac3e9aea562ee26a65b171763c。私钥可签名，但交易会经该合约执行，存在资金被控制风险,0000000000000000000000000000000000000000000000000000000000000794,F:\CTF-任务\hall_haoyun\hall_haoyun\apk_extracted\assets\res\import\0c\0c45c91e1.json
bsc,0x22d006eb22fe74f4304154ea8f9d2ecc78cc746a,CTF-任务-994,hall_haoyun,2.8e-17,,BNB,2.8e-17,False,True,False,True,0x1c3630c594effaac3e9aea562ee26a65b171763c,⚠ EIP-7702 委托账户：代码执行被委托给 0x1c3630c594effaac3e9aea562ee26a65b171763c。私钥可签名，但交易会经该合约执行，存在资金被控制风险,0000000000000000000000000000000000000000000000000000000000000279,F:\CTF-任务\hall_haoyun\hall_haoyun\apk_extracted\assets\cfg\a\DVDirectory.cfg
bsc,0x1993f1046368717265cdf0ab7568f7635c39c7dd,CTF-任务-2435,hall_haoyun,2.8e-17,,BNB,2.8e-17,False,True,False,True,0x1c3630c594effaac3e9aea562ee26a65b171763c,⚠ EIP-7702 委托账户：代码执行被委托给 0x1c3630c594effaac3e9aea562ee26a65b171763c。私钥可签名，但交易会经该合约执行，存在资金被控制风险,0000000000000000000000000000000000000000000000000000000000000948,F:\CTF-任务\hall_haoyun\hall_haoyun\apk_extracted\assets\cfg\a\mode_1\map.sdkrs
bsc,0x24f373840a0b093934434f063b722e74523b09f6,CTF-任务-710,hall_haoyun,2.8e-17,,BNB,2.8e-17,False,True,False,True,0x1c3630c594effaac3e9aea562ee26a65b171763c,⚠ EIP-7702 委托账户：代码执行被委托给 0x1c3630c594effaac3e9aea562ee26a65b171763c。私钥可签名，但交易会经该合约执行，存在资金被控制风险,0000000000000000000000000000000000000000000000000000000000000211,F:\CTF-任务\hall_haoyun\hall_haoyun\apk_extracted\assets\cfg\a\DVDirectory.cfg
bsc,0x1b058334ce3b326076792cdeb846470e502419f9,CTF-任务-2192,hall_haoyun,2.8e-17,,BNB,2.8e-17,False,True,False,True,0x1c3630c594effaac3e9aea562ee26a65b171763c,⚠ EIP-7702 委托账户：代码执行被委托给 0x1c3630c594effaac3e9aea562ee26a65b171763c。私钥可签名，但交易会经该合约执行，存在资金被控制风险,0000000000000000000000000000000000000000000000000000000000001178,F:\CTF-任务\hall_haoyun\hall_haoyun\apk_extracted\assets\cfg\a\mode_1\map.sdkrs
bsc,0x25910407ea26dded1d7ab60bfa1c0ae466bf9b46,CTF-任务-311,gccfund,2.8e-17,,BNB,2.8e-17,False,True,False,True,0x1c3630c594effaac3e9aea562ee26a65b171763c,⚠ EIP-7702 委托账户：代码执行被委托给 0x1c3630c594effaac3e9aea562ee26a65b171763c。私钥可签名，但交易会经该合约执行，存在资金被控制风险,0000000000000000000000000000000000000000000000000000000000000206,F:\CTF-任务\gccfund\artifacts\gccfund\cache\withdrawals_recipients_agg.json
bsc,0x27a2300e49f009aa766833f6b6a56ab5edd06105,CTF-任务-446,wj_apk,2.8e-17,,BNB,2.8e-17,False,True,False,True,0x1c3630c594effaac3e9aea562ee26a65b171763c,⚠ EIP-7702 委托账户：代码执行被委托给 0x1c3630c594effaac3e9aea562ee26a65b171763c。私钥可签名，但交易会经该合约执行，存在资金被控制风险,0000000000000000000000000000000000000000000000000000000000000497,F:\CTF-任务\wj_apk\wj_apk\evidence\wallet_records.jsonl
bsc,0x1a723c4081ad169168adb7a0741ffbe01ecfa0ad,CTF-任务-415,wj_apk,2.8e-17,,BNB,2.8e-17,False,True,False,True,0x1c3630c594effaac3e9aea562ee26a65b171763c,⚠ EIP-7702 委托账户：代码执行被委托给 0x1c3630c594effaac3e9aea562ee26a65b171763c。私钥可签名，但交易会经该合约执行，存在资金被控制风险,0000000000000000000000000000000000000000000000000000000000000937,F:\CTF-任务\wj_apk\wj_apk\evidence\wallet_records.jsonl
bsc,0x24d8c8008554f5ef8ca7f478592348b9c18c3507,CTF-任务-224,gccfund,2.8e-17,,BNB,2.8e-17,False,True,False,True,0x1c3630c594effaac3e9aea562ee26a65b171763c,⚠ EIP-7702 委托账户：代码执行被委托给 0x1c3630c594effaac3e9aea562ee26a65b171763c。私钥可签名，但交易会经该合约执行，存在资金被控制风险,0000000000000000000000000000000000000000000000000000000000000204,F:\CTF-任务\gccfund\artifacts\gccfund\cache\bt_6745-9fb42945076d870b.js
bsc,0x27ee1bfe6b743b0c4bb82eb5aca64f00b46c6278,CTF-任务-1790,hall_haoyun,2.8e-17,,BNB,2.8e-17,False,True,False,True,0x1c3630c594effaac3e9aea562ee26a65b171763c,⚠ EIP-7702 委托账户：代码执行被委托给 0x1c3630c594effaac3e9aea562ee26a65b171763c。私钥可签名，但交易会经该合约执行，存在资金被控制风险,0000000000000000000000000000000000000000000000000000000000001045,F:\CTF-任务\hall_haoyun\hall_haoyun\apk_extracted\assets\cfg\a\mode_1\map.sdkrs
bsc,0x29a67d0ee992604a9b7332c3a2c8a2231fc0068d,CTF-任务-578,hall_haoyun,2.8e-17,,BNB,2.8e-17,False,True,False,True,0x1c3630c594effaac3e9aea562ee26a65b171763c,⚠ EIP-7702 委托账户：代码执行被委托给 0x1c3630c594effaac3e9aea562ee26a65b171763c。私钥可签名，但交易会经该合约执行，存在资金被控制风险,0000000000000000000000000000000000000000000000000000000000000306,F:\CTF-任务\hall_haoyun\hall_haoyun\apk_extracted\assets\cfg\a\DVDirectory.cfg
bsc,0x1d5968b4e0b47c6c782ac5be113eca00f4ea3c42,CTF-任务-313,wj_apk,2.8e-17,,BNB,2.8e-17,False,True,False,True,0x8a67b5020ee254ef48e3b6a04927f39baf7e408a,⚠ EIP-7702 委托账户：代码执行被委托给 0x8a67b5020ee254ef48e3b6a04927f39baf7e408a。私钥可签名，但交易会经该合约执行，存在资金被控制风险,0000000000000000000000000000000000000000000000000000000000000422,F:\CTF-任务\wj_apk\wj_apk\evidence\wallet_records.jsonl
bsc,0x2b489cba91b57e1c66f43a35d386f0f6bbe53066,CTF-任务-76,bvs,4e-18,,BNB,4e-18,False,True,False,True,0x1c3630c594effaac3e9aea562ee26a65b171763c,⚠ EIP-7702 委托账户：代码执行被委托给 0x1c3630c594effaac3e9aea562ee26a65b171763c。私钥可签名，但交易会经该合约执行，存在资金被控制风险,0000000000000000000000000000000000000000000000000000000000000241,F:\CTF-任务\bvs\bvs\bvc_strings.txt
bsc,0x2bb6a2b39364da5dd49d6c02e6a0b58fb39278f9,CTF-任务-164,dapplink代码库,4e-18,,BNB,4e-18,False,True,False,True,0x1c3630c594effaac3e9aea562ee26a65b171763c,⚠ EIP-7702 委托账户：代码执行被委托给 0x1c3630c594effaac3e9aea562ee26a65b171763c。私钥可签名，但交易会经该合约执行，存在资金被控制风险,0000000000000000000000000000000000000000000000000000000000000eff,F:\CTF-任务\dapplink代码库\gh\blockshop_service\blockshop
bsc,0x25192490594e71b7cf63c200aa6bcec28e5122f0,CTF-任务-2,aixai,2.8e-17,,BNB,2.8e-17,False,True,False,True,0x1c3630c594effaac3e9aea562ee26a65b171763c,⚠ EIP-7702 委托账户：代码执行被委托给 0x1c3630c594effaac3e9aea562ee26a65b171763c。私钥可签名，但交易会经该合约执行，存在资金被控制风险,0000000000000000000000000000000000000000000000000000000000000764,F:\CTF-任务\aixai\aixai\apk_full\assets\public\lottie-json\home-five-phone.json
bsc,0x2cd1240410a7f86a9b08024adbfd8ec2f360d8d8,CTF-任务-574,nxpro,2.8e-17,,BNB,2.8e-17,False,True,False,True,0x1c3630c594effaac3e9aea562ee26a65b171763c,⚠ EIP-7702 委托账户：代码执行被委托给 0x1c3630c594effaac3e9aea562ee26a65b171763c。私钥可签名，但交易会经该合约执行，存在资金被控制风险,0000000000000000000000000000000000000000000000000000000000000541,F:\CTF-任务\nxpro\artifacts\nxpro\cache\rockyou.txt.tar.gz
bsc,0x1bc74ba4140ce0940a88bdd1391c3cc4433841dd,CTF-任务-2072,hall_haoyun,2.8e-17,,BNB,2.8e-17,False,True,False,True,0x1c3630c594effaac3e9aea562ee26a65b171763c,⚠ EIP-7702 委托账户：代码执行被委托给 0x1c3630c594effaac3e9aea562ee26a65b171763c。私钥可签名，但交易会经该合约执行，存在资金被控制风险,0000000000000000000000000000000000000000000000000000000000001346,F:\CTF-任务\hall_haoyun\hall_haoyun\apk_extracted\assets\cfg\a\mode_1\map.sdkrs
bsc,0x2cb2a3304231f5151fee21680d6f31a060822251,CTF-任务-694,hall_haoyun,2.8e-17,,BNB,2.8e-17,False,True,False,True,0x1c3630c594effaac3e9aea562ee26a65b171763c,⚠ EIP-7702 委托账户：代码执行被委托给 0x1c3630c594effaac3e9aea562ee26a65b171763c。私钥可签名，但交易会经该合约执行，存在资金被控制风险,0000000000000000000000000000000000000000000000000000000000000268,F:\CTF-任务\hall_haoyun\hall_haoyun\apk_extracted\assets\cfg\a\DVDirectory.cfg
bsc,0x2a1648c79f5bc22e0540581ec6a441b4c2d22726,CTF-任务-494,evccoin,2.8e-17,,BNB,2.8e-17,False,True,False,True,0x1c3630c594effaac3e9aea562ee26a65b171763c,⚠ EIP-7702 委托账户：代码执行被委托给 0x1c3630c594effaac3e9aea562ee26a65b171763c。私钥可签名，但交易会经该合约执行，存在资金被控制风险,0000000000000000000000000000000000000000000000000000000000000352,F:\CTF-任务\evccoin\artifacts\evccoin\wordlists\rockyou.txt.gz
bsc,0x1f4e8eb2ec19969950bdae1b09a8f90b1c4db975,CTF-任务-126,dapplink代码库,2.8e-17,,BNB,2.8e-17,False,True,False,True,0x1c3630c594effaac3e9aea562ee26a65b171763c,⚠ EIP-7702 委托账户：代码执行被委托给 0x1c3630c594effaac3e9aea562ee26a65b171763c。私钥可签名，但交易会经该合约执行，存在资金被控制风险,0000000000000000000000000000000000000000000000000000000000000908,F:\CTF-任务\dapplink代码库\gh\blockshop_service\blockshop
bsc,0x2ea26887383be9361d48c4adb01b41d1ec2a6f0c,CTF-任务-289,gccfund,2.8e-17,,BNB,2.8e-17,False,True,False,True,0x1c3630c594effaac3e9aea562ee26a65b171763c,⚠ EIP-7702 委托账户：代码执行被委托给 0x1c3630c594effaac3e9aea562ee26a65b171763c。私钥可签名，但交易会经该合约执行，存在资金被控制风险,0000000000000000000000000000000000000000000000000000000000000519,F:\CTF-任务\gccfund\artifacts\gccfund\cache\withdrawals_recipients_agg.json
bsc,0x2d03b2e72ee95e53c0ed3d4b150e8fca42568c53,CTF-任务-283,wj_apk,2.8e-17,,BNB,2.8e-17,False,True,False,True,0x1c3630c594effaac3e9aea562ee26a65b171763c,⚠ EIP-7702 委托账户：代码执行被委托给 0x1c3630c594effaac3e9aea562ee26a65b171763c。私钥可签名，但交易会经该合约执行，存在资金被控制风险,0000000000000000000000000000000000000000000000000000000000000443,F:\CTF-任务\wj_apk\wj_apk\evidence\wallet_records.jsonl
bsc,0x1b839fa798e546d02f5be3acbeb07e550ee947cc,CTF-任务-1784,hall_haoyun,2.8e-17,,BNB,2.8e-17,False,True,False,True,0x1c3630c594effaac3e9aea562ee26a65b171763c,⚠ EIP-7702 委托账户：代码执行被委托给 0x1c3630c594effaac3e9aea562ee26a65b171763c。私钥可签名，但交易会经该合约执行，存在资金被控制风险,0000000000000000000000000000000000000000000000000000000000001049,F:\CTF-任务\hall_haoyun\hall_haoyun\apk_extracted\assets\cfg\a\mode_1\map.sdkrs
bsc,0x2fe88f86d9f5ed0536756bcfb318bc8aaa014918,CTF-任务-297,gccfund,2.8e-17,,BNB,2.8e-17,False,True,False,True,0x1c3630c594effaac3e9aea562ee26a65b171763c,⚠ EIP-7702 委托账户：代码执行被委托给 0x1c3630c594effaac3e9aea562ee26a65b171763c。私钥可签名，但交易会经该合约执行，存在资金被控制风险,0000000000000000000000000000000000000000000000000000000000000382,F:\CTF-任务\gccfund\artifacts\gccfund\cache\withdrawals_recipients_agg.json
bsc,0x2ff6feb663b7d683f1d2706ca5be42651f01f221,CTF-任务-281,gccfund,2.8e-17,,BNB,2.8e-17,False,True,False,True,0x1c3630c594effaac3e9aea562ee26a65b171763c,⚠ EIP-7702 委托账户：代码执行被委托给 0x1c3630c594effaac3e9aea562ee26a65b171763c。私钥可签名，但交易会经该合约执行，存在资金被控制风险,0000000000000000000000000000000000000000000000000000000000000705,F:\CTF-任务\gccfund\artifacts\gccfund\cache\withdrawals_recipients_agg.json
bsc,0x30a87229974ff09df024966e86cf9002fb964e1f,CTF-任务-178,wcn,2.8e-17,,BNB,2.8e-17,False,True,False,True,0x1c3630c594effaac3e9aea562ee26a65b171763c,⚠ EIP-7702 委托账户：代码执行被委托给 0x1c3630c594effaac3e9aea562ee26a65b171763c。私钥可签名，但交易会经该合约执行，存在资金被控制风险,0000000000000000000000000000000000000000000000000000000000000e34,F:\CTF-任务\wcn\images\wca_img\layer3.tar
bsc,0x318a988a25e96ce280ba2fb9b391736a21bfb6da,CTF-任务-3031,hall_haoyun,2.8e-17,,BNB,2.8e-17,False,True,False,True,0x1c3630c594effaac3e9aea562ee26a65b171763c,⚠ EIP-7702 委托账户：代码执行被委托给 0x1c3630c594effaac3e9aea562ee26a65b171763c。私钥可签名，但交易会经该合约执行，存在资金被控制风险,0000000000000000000000000000000000000000000000000000000000001297,F:\CTF-任务\hall_haoyun\hall_haoyun\apk_extracted\assets\cfg\idrres\ResPackIndoorMap.sdkrs
bsc,0x2f0a0897f7d26182a8d7e8056d23b8738fba79e3,CTF-任务-8,evccoin,2.8e-17,,BNB,2.8e-17,False,True,False,True,0x1c3630c594effaac3e9aea562ee26a65b171763c,⚠ EIP-7702 委托账户：代码执行被委托给 0x1c3630c594effaac3e9aea562ee26a65b171763c。私钥可签名，但交易会经该合约执行，存在资金被控制风险,0000000000000000000000000000000000000000000000000000000000000768,F:\CTF-任务\evccoin\artifacts\evccoin\01-recon\files\allin_vendors.js
bsc,0x31b0b41cd0a732a3c0bd0339bf027a8f538ad42b,CTF-任务-666,nxpro,2.8e-17,,BNB,2.8e-17,False,True,False,True,0x1c3630c594effaac3e9aea562ee26a65b171763c,⚠ EIP-7702 委托账户：代码执行被委托给 0x1c3630c594effaac3e9aea562ee26a65b171763c。私钥可签名，但交易会经该合约执行，存在资金被控制风险,0000000000000000000000000000000000000000000000000000000000000ca0,F:\CTF-任务\nxpro\artifacts\nxpro\cache\rockyou.txt.tar.gz
bsc,0x2db294267b161cff64e2396317023b7520ace4b3,CTF-任务-32,dapplink代码库,2.8e-17,,BNB,2.8e-17,False,True,False,True,0x1c3630c594effaac3e9aea562ee26a65b171763c,⚠ EIP-7702 委托账户：代码执行被委托给 0x1c3630c594effaac3e9aea562ee26a65b171763c。私钥可签名，但交易会经该合约执行，存在资金被控制风险,0000000000000000000000000000000000000000000000000000000000001054,F:\CTF-任务\dapplink代码库\gh\nakapay_app\src\icons\svg\wx.svg
bsc,0x3511795c2333c0cd8d05ecf0038abf4895189558,CTF-任务-170,oraswap,2.8e-17,,BNB,2.8e-17,False,True,False,True,0x1c3630c594effaac3e9aea562ee26a65b171763c,⚠ EIP-7702 委托账户：代码执行被委托给 0x1c3630c594effaac3e9aea562ee26a65b171763c。私钥可签名，但交易会经该合约执行，存在资金被控制风险,0000000000000000000000000000000000000000000000000000000000000411,F:\CTF-任务\oraswap\oraswap\web3.js
bsc,0x2feedcd856e514d9677b0a65671fb7e175120d87,CTF-任务-270,evccoin,4e-18,,BNB,4e-18,False,True,False,True,0x1c3630c594effaac3e9aea562ee26a65b171763c,⚠ EIP-7702 委托账户：代码执行被委托给 0x1c3630c594effaac3e9aea562ee26a65b171763c。私钥可签名，但交易会经该合约执行，存在资金被控制风险,0000000000000000000000000000000000000000000000000000000000000347,F:\CTF-任务\evccoin\artifacts\evccoin\wordlists\rockyou.txt.gz
bsc,0x3132918a3ecb2eba30ed58e8dc7dc1427f0d6097,CTF-任务-61,atxok,2.8e-17,,BNB,2.8e-17,False,True,False,True,0x1c3630c594effaac3e9aea562ee26a65b171763c,⚠ EIP-7702 委托账户：代码执行被委托给 0x1c3630c594effaac3e9aea562ee26a65b171763c。私钥可签名，但交易会经该合约执行，存在资金被控制风险,00000000000000000000000000000000000000000000000000000000000001fd,F:\CTF-任务\atxok\out\www\index-Dp5_lbYu.js
bsc,0x35f66004bcd07f84c8347c8be34fd0d5335ecdbf,CTF-任务-1823,hall_haoyun,2.8e-17,,BNB,2.8e-17,False,True,False,True,0x1c3630c594effaac3e9aea562ee26a65b171763c,⚠ EIP-7702 委托账户：代码执行被委托给 0x1c3630c594effaac3e9aea562ee26a65b171763c。私钥可签名，但交易会经该合约执行，存在资金被控制风险,0000000000000000000000000000000000000000000000000000000000000968,F:\CTF-任务\hall_haoyun\hall_haoyun\apk_extracted\assets\cfg\a\mode_1\map.sdkrs
bsc,0x34863538a6f2ee650631074bd8e2a68f526b9f0b,CTF-任务-787,hall_haoyun,2.8e-17,,BNB,2.8e-17,False,True,False,True,0x1c3630c594effaac3e9aea562ee26a65b171763c,⚠ EIP-7702 委托账户：代码执行被委托给 0x1c3630c594effaac3e9aea562ee26a65b171763c。私钥可签名，但交易会经该合约执行，存在资金被控制风险,0000000000000000000000000000000000000000000000000000000000000273,F:\CTF-任务\hall_haoyun\hall_haoyun\apk_extracted\assets\cfg\a\DVDirectory.cfg
bsc,0x2502c3452aafb005dab6b3fce1ba1ed34a7d6971,CTF-任务-2276,hall_haoyun,2.8e-17,,BNB,2.8e-17,False,True,False,True,0x1c3630c594effaac3e9aea562ee26a65b171763c,⚠ EIP-7702 委托账户：代码执行被委托给 0x1c3630c594effaac3e9aea562ee26a65b171763c。私钥可签名，但交易会经该合约执行，存在资金被控制风险,0000000000000000000000000000000000000000000000000000000000001195,F:\CTF-任务\hall_haoyun\hall_haoyun\apk_extracted\assets\cfg\a\mode_1\map.sdkrs
bsc,0x39aea207dfbac5f63e50ac3e73fbb10f55790cfb,CTF-任务-234,臻途,2.8e-17,,BNB,2.8e-17,False,True,False,True,0x1c3630c594effaac3e9aea562ee26a65b171763c,⚠ EIP-7702 委托账户：代码执行被委托给 0x1c3630c594effaac3e9aea562ee26a65b171763c。私钥可签名，但交易会经该合约执行，存在资金被控制风险,0000000000000000000000000000000000000000000000000000000000000729,F:\CTF-任务\臻途\artifacts\_待归类收回-20260916\cases-apk_analysis\apk_analysis\bundle_decompiled.js
bsc,0x333eebcef4b5252337e4cdd1dfbd30d38f65e11d,CTF-任务-171,hall_haoyun,2.8e-17,,BNB,2.8e-17,False,True,False,True,0x1c3630c594effaac3e9aea562ee26a65b171763c,⚠ EIP-7702 委托账户：代码执行被委托给 0x1c3630c594effaac3e9aea562ee26a65b171763c。私钥可签名，但交易会经该合约执行，存在资金被控制风险,0000000000000000000000000000000000000000000000000000000000000776,F:\CTF-任务\hall_haoyun\hall_haoyun\src_cocos2d-jsb.js
bsc,0x371a8682606ce34c71135d1ade452c263dd46b26,CTF-任务-1056,hall_haoyun,2.8e-17,,BNB,2.8e-17,False,True,False,True,0x1c3630c594effaac3e9aea562ee26a65b171763c,⚠ EIP-7702 委托账户：代码执行被委托给 0x1c3630c594effaac3e9aea562ee26a65b171763c。私钥可签名，但交易会经该合约执行，存在资金被控制风险,0000000000000000000000000000000000000000000000000000000000000230,F:\CTF-任务\hall_haoyun\hall_haoyun\apk_extracted\assets\cfg\a\DVDirectory.cfg
bsc,0x39d511b5cded3689159d8b6841d608f764690ecd,CTF-任务-23,dapplink代码库,2.8e-17,,BNB,2.8e-17,False,True,False,True,0x1c3630c594effaac3e9aea562ee26a65b171763c,⚠ EIP-7702 委托账户：代码执行被委托给 0x1c3630c594effaac3e9aea562ee26a65b171763c。私钥可签名，但交易会经该合约执行，存在资金被控制风险,0000000000000000000000000000000000000000000000000000000000000909,F:\CTF-任务\dapplink代码库\gh\nakapay_app\src\icons\svg\time-line.svg
bsc,0x39bbd38af2b5afc86a36ae1f41eff9004b2c4a0a,CTF-任务-1754,hall_haoyun,2.8e-17,,BNB,2.8e-17,False,True,False,True,0x1c3630c594effaac3e9aea562ee26a65b171763c,⚠ EIP-7702 委托账户：代码执行被委托给 0x1c3630c594effaac3e9aea562ee26a65b171763c。私钥可签名，但交易会经该合约执行，存在资金被控制风险,0000000000000000000000000000000000000000000000000000000000001329,F:\CTF-任务\hall_haoyun\hall_haoyun\apk_extracted\assets\cfg\a\mode_1\map.sdkrs
bsc,0x3a7d21795d1fa93e16b296dba109a378daea038b,CTF-任务-211,pjuyr,2.8e-17,,BNB,2.8e-17,False,True,False,True,0x1c3630c594effaac3e9aea562ee26a65b171763c,⚠ EIP-7702 委托账户：代码执行被委托给 0x1c3630c594effaac3e9aea562ee26a65b171763c。私钥可签名，但交易会经该合约执行，存在资金被控制风险,0000000000000000000000000000000000000000000000000000000000000485,F:\CTF-任务\pjuyr\all_assets\pjuyr_all_assets\myavlive\extracted\acs_els.html
bsc,0x3c466e671d728d66331c05892f7b61982cd5c339,CTF-任务-468,wcn,2.8e-17,,BNB,2.8e-17,False,True,False,True,0x1c3630c594effaac3e9aea562ee26a65b171763c,⚠ EIP-7702 委托账户：代码执行被委托给 0x1c3630c594effaac3e9aea562ee26a65b171763c。私钥可签名，但交易会经该合约执行，存在资金被控制风险,0000000000000000000000000000000000000000000000000000000000000564,F:\CTF-任务\wcn\images\wca_img\layer4.tar
bsc,0x3c861e543d7e2c4ea4be2c7f00643b177d552ba9,CTF-任务-241,lulu,2.8e-17,,BNB,2.8e-17,False,True,False,True,0x1c3630c594effaac3e9aea562ee26a65b171763c,⚠ EIP-7702 委托账户：代码执行被委托给 0x1c3630c594effaac3e9aea562ee26a65b171763c。私钥可签名，但交易会经该合约执行，存在资金被控制风险,0000000000000000000000000000000000000000000000000000000000000575,F:\CTF-任务\lulu\artifacts\lulu\cache\data.unity3d
bsc,0x3cd766c6b4c11414e9e5fc85b578a6e74dd0b24c,CTF-任务-529,evccoin,2.8e-17,,BNB,2.8e-17,False,True,False,True,0x8a67b5020ee254ef48e3b6a04927f39baf7e408a,⚠ EIP-7702 委托账户：代码执行被委托给 0x8a67b5020ee254ef48e3b6a04927f39baf7e408a。私钥可签名，但交易会经该合约执行，存在资金被控制风险,0000000000000000000000000000000000000000000000000000000000002020,F:\CTF-任务\evccoin\artifacts\evccoin\_real\pages-message-message.3N8fVhPl.js
bsc,0x3dd6ce1bee0c67166c84d3235e5f80c1c023e278,CTF-任务-68,aixai,2.8e-17,,BNB,2.8e-17,False,True,False,True,0x1c3630c594effaac3e9aea562ee26a65b171763c,⚠ EIP-7702 委托账户：代码执行被委托给 0x1c3630c594effaac3e9aea562ee26a65b171763c。私钥可签名，但交易会经该合约执行，存在资金被控制风险,0000000000000000000000000000000000000000000000000000000000000224,F:\CTF-任务\aixai\aixai\apk_full\assets\public\lottie-json\1rightDH.json
bsc,0x3849e61516e84ea6916eea43a68be5c6574c35a7,CTF-任务-278,gccfund,2.8e-17,,BNB,2.8e-17,False,True,False,True,0x1c3630c594effaac3e9aea562ee26a65b171763c,⚠ EIP-7702 委托账户：代码执行被委托给 0x1c3630c594effaac3e9aea562ee26a65b171763c。私钥可签名，但交易会经该合约执行，存在资金被控制风险,0000000000000000000000000000000000000000000000000000000000000936,F:\CTF-任务\gccfund\artifacts\gccfund\cache\withdrawals_recipients_agg.json
bsc,0x3b7c6afe1cdb8db837b84d14ab35edf35791bc98,CTF-任务-0,hall_haoyun,2.8e-17,,BNB,2.8e-17,False,True,False,True,0x1c3630c594effaac3e9aea562ee26a65b171763c,⚠ EIP-7702 委托账户：代码执行被委托给 0x1c3630c594effaac3e9aea562ee26a65b171763c。私钥可签名，但交易会经该合约执行，存在资金被控制风险,0000000000000000000000000000000000000000000000000000000000000416,F:\CTF-任务\hall_haoyun\hall_haoyun\apk_extracted\assets\res\import\09\097e4d005.json
bsc,0x3540335ec9813f9c6b10dd18117561c9b85e153e,CTF-任务-1936,hall_haoyun,2.8e-17,,BNB,2.8e-17,False,True,False,True,0x1c3630c594effaac3e9aea562ee26a65b171763c,⚠ EIP-7702 委托账户：代码执行被委托给 0x1c3630c594effaac3e9aea562ee26a65b171763c。私钥可签名，但交易会经该合约执行，存在资金被控制风险,0000000000000000000000000000000000000000000000000000000000001607,F:\CTF-任务\hall_haoyun\hall_haoyun\apk_extracted\assets\cfg\a\mode_1\map.sdkrs
bsc,0x3a822695fa8d5f9698614b5cb4dbeef0e1774769,CTF-任务-69,bvs,2.8e-17,,BNB,2.8e-17,False,True,False,True,0x1c3630c594effaac3e9aea562ee26a65b171763c,⚠ EIP-7702 委托账户：代码执行被委托给 0x1c3630c594effaac3e9aea562ee26a65b171763c。私钥可签名，但交易会经该合约执行，存在资金被控制风险,0000000000000000000000000000000000000000000000000000000000000285,F:\CTF-任务\bvs\bvs\bvc_strings.txt
bsc,0x3e1c8ffbdb489c886ce21bb444f027db483ec3d6,CTF-任务-136,siemens,2.8e-17,,BNB,2.8e-17,False,True,False,True,0x1c3630c594effaac3e9aea562ee26a65b171763c,⚠ EIP-7702 委托账户：代码执行被委托给 0x1c3630c594effaac3e9aea562ee26a65b171763c。私钥可签名，但交易会经该合约执行，存在资金被控制风险,0000000000000000000000000000000000000000000000000000000000001255,F:\CTF-任务\siemens\siemens_scan\projects_2.json
bsc,0x3f4421a7cbd6b3b7c78be17696d6876aeb5b8067,CTF-任务-1932,hall_haoyun,2.8e-17,,BNB,2.8e-17,False,True,False,True,0x1c3630c594effaac3e9aea562ee26a65b171763c,⚠ EIP-7702 委托账户：代码执行被委托给 0x1c3630c594effaac3e9aea562ee26a65b171763c。私钥可签名，但交易会经该合约执行，存在资金被控制风险,0000000000000000000000000000000000000000000000000000000000000669,F:\CTF-任务\hall_haoyun\hall_haoyun\apk_extracted\assets\cfg\a\mode_1\map.sdkrs
bsc,0x40961e33af8be3228027e82be7632e52b751b0f4,CTF-任务-18,hall_haoyun,2.8e-17,,BNB,2.8e-17,False,True,False,True,0x1c3630c594effaac3e9aea562ee26a65b171763c,⚠ EIP-7702 委托账户：代码执行被委托给 0x1c3630c594effaac3e9aea562ee26a65b171763c。私钥可签名，但交易会经该合约执行，存在资金被控制风险,0000000000000000000000000000000000000000000000000000000000000537,F:\CTF-任务\hall_haoyun\hall_haoyun\apk_extracted\assets\res\import\0c\0c45c91e1.json
bsc,0x41e05e7ff60c02ee67e54d184a7b81e783137c43,CTF-任务-271,gccfund,2.8e-17,,BNB,2.8e-17,False,True,False,True,0x1c3630c594effaac3e9aea562ee26a65b171763c,⚠ EIP-7702 委托账户：代码执行被委托给 0x1c3630c594effaac3e9aea562ee26a65b171763c。私钥可签名，但交易会经该合约执行，存在资金被控制风险,0000000000000000000000000000000000000000000000000000000000001374,F:\CTF-任务\gccfund\artifacts\gccfund\cache\withdrawals_recipients_agg.json
bsc,0x3ef32738525ba45b1efd2bba7f42815fc352dea2,CTF-任务-2,hall_haoyun,2.8e-17,,BNB,2.8e-17,False,True,False,True,0x1c3630c594effaac3e9aea562ee26a65b171763c,⚠ EIP-7702 委托账户：代码执行被委托给 0x1c3630c594effaac3e9aea562ee26a65b171763c。私钥可签名，但交易会经该合约执行，存在资金被控制风险,0000000000000000000000000000000000000000000000000000000000000441,F:\CTF-任务\hall_haoyun\hall_haoyun\apk_extracted\assets\res\import\09\097e4d005.json
bsc,0x415624d42bcd86cea7a072a02b52402b6abdac55,CTF-任务-274,siemens,2.8e-17,,BNB,2.8e-17,False,True,False,True,0x1c3630c594effaac3e9aea562ee26a65b171763c,⚠ EIP-7702 委托账户：代码执行被委托给 0x1c3630c594effaac3e9aea562ee26a65b171763c。私钥可签名，但交易会经该合约执行，存在资金被控制风险,0000000000000000000000000000000000000000000000000000000000000796,F:\CTF-任务\siemens\siemens_scan\projects_4.json
bsc,0x4218acdbbdbb68d0c03409648b1602b27af68d29,CTF-任务-133,lulu,2.8e-17,,BNB,2.8e-17,False,True,False,True,0x1c3630c594effaac3e9aea562ee26a65b171763c,⚠ EIP-7702 委托账户：代码执行被委托给 0x1c3630c594effaac3e9aea562ee26a65b171763c。私钥可签名，但交易会经该合约执行，存在资金被控制风险,0000000000000000000000000000000000000000000000000000000000000615,F:\CTF-任务\lulu\artifacts\lulu\cache\data.unity3d
bsc,0x3a108c0fffd2c90539a080c940794698f50ef9c3,CTF-任务-304,gccfund,2.8e-17,,BNB,2.8e-17,False,True,False,True,0x1c3630c594effaac3e9aea562ee26a65b171763c,⚠ EIP-7702 委托账户：代码执行被委托给 0x1c3630c594effaac3e9aea562ee26a65b171763c。私钥可签名，但交易会经该合约执行，存在资金被控制风险,0000000000000000000000000000000000000000000000000000000000000305,F:\CTF-任务\gccfund\artifacts\gccfund\cache\withdrawals_recipients_agg.json
bsc,0x41d306df2636443265a6dc7b0a6fd9dcdbabdac1,CTF-任务-155,bvs,2.8e-17,,BNB,2.8e-17,False,True,False,True,0x1c3630c594effaac3e9aea562ee26a65b171763c,⚠ EIP-7702 委托账户：代码执行被委托给 0x1c3630c594effaac3e9aea562ee26a65b171763c。私钥可签名，但交易会经该合约执行，存在资金被控制风险,0000000000000000000000000000000000000000000000000000000000000903,F:\CTF-任务\bvs\bvs\admin_assets\app.js
bsc,0x17dc46e14f0ce5956782dddeb52a379332f97a98,CTF-任务-10,aixai,2.8e-17,,BNB,2.8e-17,False,True,False,True,0x1c3630c594effaac3e9aea562ee26a65b171763c,⚠ EIP-7702 委托账户：代码执行被委托给 0x1c3630c594effaac3e9aea562ee26a65b171763c。私钥可签名，但交易会经该合约执行，存在资金被控制风险,0000000000000000000000000000000000000000000000000000000000001140,F:\CTF-任务\aixai\aixai\apk_full\assets\public\lottie-json\pc-bottom-v3.json
bsc,0x40a573423b9a29da4aef5f5f1f3963bea9417d78,CTF-任务-1716,hall_haoyun,2.8e-17,,BNB,2.8e-17,False,True,False,True,0x1c3630c594effaac3e9aea562ee26a65b171763c,⚠ EIP-7702 委托账户：代码执行被委托给 0x1c3630c594effaac3e9aea562ee26a65b171763c。私钥可签名，但交易会经该合约执行，存在资金被控制风险,0000000000000000000000000000000000000000000000000000000000001027,F:\CTF-任务\hall_haoyun\hall_haoyun\apk_extracted\assets\cfg\a\mode_1\map.sdkrs
bsc,0x3f551cd1bc7559b4e7632427cc7eccbc35907eb3,CTF-任务-100,gccfund,2.8e-17,,BNB,2.8e-17,False,True,False,True,0x1c3630c594effaac3e9aea562ee26a65b171763c,⚠ EIP-7702 委托账户：代码执行被委托给 0x1c3630c594effaac3e9aea562ee26a65b171763c。私钥可签名，但交易会经该合约执行，存在资金被控制风险,0000000000000000000000000000000000000000000000000000000000000505,F:\CTF-任务\gccfund\artifacts\gccfund\01-recon\raw\chunks\web-CaeGxNKM.js
bsc,0x437d484c3e0df1a6fc18d35c5abbae814e6f250d,CTF-任务-2270,hall_haoyun,2.8e-17,,BNB,2.8e-17,False,True,False,True,0x1c3630c594effaac3e9aea562ee26a65b171763c,⚠ EIP-7702 委托账户：代码执行被委托给 0x1c3630c594effaac3e9aea562ee26a65b171763c。私钥可签名，但交易会经该合约执行，存在资金被控制风险,0000000000000000000000000000000000000000000000000000000000000509,F:\CTF-任务\hall_haoyun\hall_haoyun\apk_extracted\assets\cfg\a\mode_1\map.sdkrs
bsc,0x4422cdae0a300b8c8d77990dfd72eacda0cc3a1d,CTF-任务-417,nxpro,2.8e-17,,BNB,2.8e-17,False,True,False,True,0x1c3630c594effaac3e9aea562ee26a65b171763c,⚠ EIP-7702 委托账户：代码执行被委托给 0x1c3630c594effaac3e9aea562ee26a65b171763c。私钥可签名，但交易会经该合约执行，存在资金被控制风险,00000000000000000000000000000000000000000000000000000000000003bf,F:\CTF-任务\nxpro\artifacts\nxpro\cache\rockyou.txt.tar.gz
bsc,0x45641a154c321bdf41c5546664b9f3a1e12ed5e8,CTF-任务-55,hall_haoyun,2.8e-17,,BNB,2.8e-17,False,True,False,True,0x1c3630c594effaac3e9aea562ee26a65b171763c,⚠ EIP-7702 委托账户：代码执行被委托给 0x1c3630c594effaac3e9aea562ee26a65b171763c。私钥可签名，但交易会经该合约执行，存在资金被控制风险,0000000000000000000000000000000000000000000000000000000000000746,F:\CTF-任务\hall_haoyun\hall_haoyun\dec_project.jsc
bsc,0x438ca190209a8e7c14a92198c575eae3f92152d0,CTF-任务-318,wj_apk,2.8e-17,,BNB,2.8e-17,False,True,False,True,0x1c3630c594effaac3e9aea562ee26a65b171763c,⚠ EIP-7702 委托账户：代码执行被委托给 0x1c3630c594effaac3e9aea562ee26a65b171763c。私钥可签名，但交易会经该合约执行，存在资金被控制风险,0000000000000000000000000000000000000000000000000000000000000394,F:\CTF-任务\wj_apk\wj_apk\evidence\wallet_records.jsonl
bsc,0x472d92de17557363f938d5ba522d15d65db2309d,CTF-任务-2157,hall_haoyun,2.8e-17,,BNB,2.8e-17,False,True,False,True,0x1c3630c594effaac3e9aea562ee26a65b171763c,⚠ EIP-7702 委托账户：代码执行被委托给 0x1c3630c594effaac3e9aea562ee26a65b171763c。私钥可签名，但交易会经该合约执行，存在资金被控制风险,0000000000000000000000000000000000000000000000000000000000000977,F:\CTF-任务\hall_haoyun\hall_haoyun\apk_extracted\assets\cfg\a\mode_1\map.sdkrs
bsc,0x4359bee2b97b9a8dbae79569d608b4f0a8560fd9,CTF-任务-51,dapplink代码库,2.8e-17,,BNB,2.8e-17,False,True,False,True,0x1c3630c594effaac3e9aea562ee26a65b171763c,⚠ EIP-7702 委托账户：代码执行被委托给 0x1c3630c594effaac3e9aea562ee26a65b171763c。私钥可签名，但交易会经该合约执行，存在资金被控制风险,0000000000000000000000000000000000000000000000000000000000000718,F:\CTF-任务\dapplink代码库\gh\blockadmin\common\static\images\error.svg
bsc,0x48868f54dc026077028b38d39485c31e4e641eb5,CTF-任务-717,wj_apk,2.8e-17,,BNB,2.8e-17,False,True,False,True,0x1c3630c594effaac3e9aea562ee26a65b171763c,⚠ EIP-7702 委托账户：代码执行被委托给 0x1c3630c594effaac3e9aea562ee26a65b171763c。私钥可签名，但交易会经该合约执行，存在资金被控制风险,0000000000000000000000000000000000000000000000000000000000000547,F:\CTF-任务\wj_apk\wj_apk\evidence\wallet_records.jsonl
bsc,0x2aa80e48b1fc48fb38322901b40086c0b5faf904,CTF-任务-272,lulu,2.8e-17,,BNB,2.8e-17,False,True,False,True,0x1c3630c594effaac3e9aea562ee26a65b171763c,⚠ EIP-7702 委托账户：代码执行被委托给 0x1c3630c594effaac3e9aea562ee26a65b171763c。私钥可签名，但交易会经该合约执行，存在资金被控制风险,0000000000000000000000000000000000000000000000000000000000000988,F:\CTF-任务\lulu\artifacts\lulu\cache\data.unity3d
bsc,0x47956bc9fbf7547349cdc4e424e89dedd9078ec8,CTF-任务-574,hall_haoyun,2.8e-17,,BNB,2.8e-17,False,True,False,True,0x1c3630c594effaac3e9aea562ee26a65b171763c,⚠ EIP-7702 委托账户：代码执行被委托给 0x1c3630c594effaac3e9aea562ee26a65b171763c。私钥可签名，但交易会经该合约执行，存在资金被控制风险,0000000000000000000000000000000000000000000000000000000000000342,F:\CTF-任务\hall_haoyun\hall_haoyun\apk_extracted\assets\cfg\a\DVDirectory.cfg
bsc,0x49328be73c2edb094e13ac5f7d1cfb6dbba47d15,CTF-任务-76,lulu,2.8e-17,,BNB,2.8e-17,False,True,False,True,0x1c3630c594effaac3e9aea562ee26a65b171763c,⚠ EIP-7702 委托账户：代码执行被委托给 0x1c3630c594effaac3e9aea562ee26a65b171763c。私钥可签名，但交易会经该合约执行，存在资金被控制风险,0000000000000000000000000000000000000000000000000000000000001003,F:\CTF-任务\lulu\artifacts\lulu\04-scan\README.md
bsc,0x3b143d20783d688a15d98b27668f66a5cd8b8390,CTF-任务-739,wj_apk,2.8e-17,,BNB,2.8e-17,False,True,False,True,0x1c3630c594effaac3e9aea562ee26a65b171763c,⚠ EIP-7702 委托账户：代码执行被委托给 0x1c3630c594effaac3e9aea562ee26a65b171763c。私钥可签名，但交易会经该合约执行，存在资金被控制风险,0000000000000000000000000000000000000000000000000000000000001066,F:\CTF-任务\wj_apk\wj_apk\evidence\withdraw_ignored.jsonl
bsc,0x4d4fa843b9a027fecd88aeab037017c4d1b115c3,CTF-任务-132,siemens,2.8e-17,,BNB,2.8e-17,False,True,False,True,0x1c3630c594effaac3e9aea562ee26a65b171763c,⚠ EIP-7702 委托账户：代码执行被委托给 0x1c3630c594effaac3e9aea562ee26a65b171763c。私钥可签名，但交易会经该合约执行，存在资金被控制风险,0000000000000000000000000000000000000000000000000000000000000459,F:\CTF-任务\siemens\siemens_scan\projects_2.json
bsc,0x3ca5c357047648a84baad0f32975c57b5ca6203e,CTF-任务-959,hall_haoyun,2.8e-17,,BNB,2.8e-17,False,True,False,True,0x1c3630c594effaac3e9aea562ee26a65b171763c,⚠ EIP-7702 委托账户：代码执行被委托给 0x1c3630c594effaac3e9aea562ee26a65b171763c。私钥可签名，但交易会经该合约执行，存在资金被控制风险,0000000000000000000000000000000000000000000000000000000000000226,F:\CTF-任务\hall_haoyun\hall_haoyun\apk_extracted\assets\cfg\a\DVDirectory.cfg
bsc,0x48e40a3acc29569608111837e2822117980fa05b,CTF-任务-405,wj_apk,2.8e-17,,BNB,2.8e-17,False,True,False,True,0x1c3630c594effaac3e9aea562ee26a65b171763c,⚠ EIP-7702 委托账户：代码执行被委托给 0x1c3630c594effaac3e9aea562ee26a65b171763c。私钥可签名，但交易会经该合约执行，存在资金被控制风险,0000000000000000000000000000000000000000000000000000000000000467,F:\CTF-任务\wj_apk\wj_apk\evidence\wallet_records.jsonl
bsc,0x4ab9f9b7671758add48912b2737251e23411900a,CTF-任务-96,gccfund,2.8e-17,,BNB,2.8e-17,False,True,False,True,0x1c3630c594effaac3e9aea562ee26a65b171763c,⚠ EIP-7702 委托账户：代码执行被委托给 0x1c3630c594effaac3e9aea562ee26a65b171763c。私钥可签名，但交易会经该合约执行，存在资金被控制风险,0000000000000000000000000000000000000000000000000000000000000419,F:\CTF-任务\gccfund\artifacts\gccfund\01-recon\raw\chunks\web-CaeGxNKM.js
bsc,0x451cea11ffb4d908ed458a3d4507f1ecd183f99c,CTF-任务-360,wcn,2.8e-17,,BNB,2.8e-17,False,True,False,True,0x1c3630c594effaac3e9aea562ee26a65b171763c,⚠ EIP-7702 委托账户：代码执行被委托给 0x1c3630c594effaac3e9aea562ee26a65b171763c。私钥可签名，但交易会经该合约执行，存在资金被控制风险,00000000000000000000000000000000000000000000000000000000000003cf,F:\CTF-任务\wcn\images\wca_img\layer4.tar
bsc,0x49c91775cecd340cf80af12d0502595dd500b14d,CTF-任务-410,wcn,2.8e-17,,BNB,2.8e-17,False,True,False,True,0x1c3630c594effaac3e9aea562ee26a65b171763c,⚠ EIP-7702 委托账户：代码执行被委托给 0x1c3630c594effaac3e9aea562ee26a65b171763c。私钥可签名，但交易会经该合约执行，存在资金被控制风险,000000000000000000000000000000000000000000000000000000000000096d,F:\CTF-任务\wcn\images\wca_img\layer4.tar
bsc,0x2d5b8b82b5ebec4f809121c6f03ec253d9826049,CTF-任务-154,tebbit,2.8e-17,,BNB,2.8e-17,False,True,False,True,0x1c3630c594effaac3e9aea562ee26a65b171763c,⚠ EIP-7702 委托账户：代码执行被委托给 0x1c3630c594effaac3e9aea562ee26a65b171763c。私钥可签名，但交易会经该合约执行，存在资金被控制风险,0000000000000000000000000000000000000000000000000000000000000657,F:\CTF-任务\tebbit\tebbit_work\chunk20.js
bsc,0x4dba3b0cd5679fae0b8f5aeffcf02621f9cc2026,CTF-任务-2246,hall_haoyun,2.8e-17,,BNB,2.8e-17,False,True,False,True,0x1c3630c594effaac3e9aea562ee26a65b171763c,⚠ EIP-7702 委托账户：代码执行被委托给 0x1c3630c594effaac3e9aea562ee26a65b171763c。私钥可签名，但交易会经该合约执行，存在资金被控制风险,0000000000000000000000000000000000000000000000000000000000000621,F:\CTF-任务\hall_haoyun\hall_haoyun\apk_extracted\assets\cfg\a\mode_1\map.sdkrs
bsc,0x4552a1e5c1275ff46b23ea493438604273ad7b87,CTF-任务-1712,hall_haoyun,2.8e-17,,BNB,2.8e-17,False,True,False,True,0x1c3630c594effaac3e9aea562ee26a65b171763c,⚠ EIP-7702 委托账户：代码执行被委托给 0x1c3630c594effaac3e9aea562ee26a65b171763c。私钥可签名，但交易会经该合约执行，存在资金被控制风险,0000000000000000000000000000000000000000000000000000000000000447,F:\CTF-任务\hall_haoyun\hall_haoyun\apk_extracted\assets\cfg\a\mode_1\map.sdkrs
bsc,0x4dbca645eb4bfb707609bf0196c710c6f0910b6e,CTF-任务-32,hall_haoyun,2.8e-17,,BNB,2.8e-17,False,True,False,True,0x1c3630c594effaac3e9aea562ee26a65b171763c,⚠ EIP-7702 委托账户：代码执行被委托给 0x1c3630c594effaac3e9aea562ee26a65b171763c。私钥可签名，但交易会经该合约执行，存在资金被控制风险,0000000000000000000000000000000000000000000000000000000000000463,F:\CTF-任务\hall_haoyun\hall_haoyun\remote_res\import\05\05d33fb60.json
bsc,0x4f70b413c0c5b810552a825039a73dd8f4be7e4a,CTF-任务-2103,hall_haoyun,2.8e-17,,BNB,2.8e-17,False,True,False,True,0x1c3630c594effaac3e9aea562ee26a65b171763c,⚠ EIP-7702 委托账户：代码执行被委托给 0x1c3630c594effaac3e9aea562ee26a65b171763c。私钥可签名，但交易会经该合约执行，存在资金被控制风险,0000000000000000000000000000000000000000000000000000000000001348,F:\CTF-任务\hall_haoyun\hall_haoyun\apk_extracted\assets\cfg\a\mode_1\map.sdkrs
bsc,0x4fc5e31dab7fa7ef9f07a0e8b9055d9c4616fe63,CTF-任务-2267,hall_haoyun,2.8e-17,,BNB,2.8e-17,False,True,False,True,0x1c3630c594effaac3e9aea562ee26a65b171763c,⚠ EIP-7702 委托账户：代码执行被委托给 0x1c3630c594effaac3e9aea562ee26a65b171763c。私钥可签名，但交易会经该合约执行，存在资金被控制风险,0000000000000000000000000000000000000000000000000000000000000506,F:\CTF-任务\hall_haoyun\hall_haoyun\apk_extracted\assets\cfg\a\mode_1\map.sdkrs
bsc,0x43848abc4786f85717a34e117ec53c2b6a85c025,CTF-任务-10,bvs,2.8e-17,,BNB,2.8e-17,False,True,False,True,0x1c3630c594effaac3e9aea562ee26a65b171763c,⚠ EIP-7702 委托账户：代码执行被委托给 0x1c3630c594effaac3e9aea562ee26a65b171763c。私钥可签名，但交易会经该合约执行，存在资金被控制风险,0000000000000000000000000000000000000000000000000000000000000674,F:\CTF-任务\bvs\bvs\v100_unpacked\assets\stakingBannerd.json
bsc,0x5104692e1f8cdc612bff0514c2fc7219c15f5e6c,CTF-任务-73,scjiekuan,2.8e-17,,BNB,2.8e-17,False,True,False,True,0x1c3630c594effaac3e9aea562ee26a65b171763c,⚠ EIP-7702 委托账户：代码执行被委托给 0x1c3630c594effaac3e9aea562ee26a65b171763c。私钥可签名，但交易会经该合约执行，存在资金被控制风险,0000000000000000000000000000000000000000000000000000000000001190,F:\CTF-任务\scjiekuan\scjiekuan\frontend\assets\index-D8bLo_YR.css
bsc,0x4736056dabc0df39a5ea201de4adbbb5777318ea,CTF-任务-578,wj_apk,2.8e-17,,BNB,2.8e-17,False,True,False,True,0x1c3630c594effaac3e9aea562ee26a65b171763c,⚠ EIP-7702 委托账户：代码执行被委托给 0x1c3630c594effaac3e9aea562ee26a65b171763c。私钥可签名，但交易会经该合约执行，存在资金被控制风险,0000000000000000000000000000000000000000000000000000000000000377,F:\CTF-任务\wj_apk\wj_apk\evidence\wallet_records.jsonl
bsc,0x53402a0757f08fa127515a4eca0cc3ea9b810dc6,CTF-任务-280,dtcworld,2.8e-17,,BNB,2.8e-17,False,True,False,True,0x1c3630c594effaac3e9aea562ee26a65b171763c,⚠ EIP-7702 委托账户：代码执行被委托给 0x1c3630c594effaac3e9aea562ee26a65b171763c。私钥可签名，但交易会经该合约执行，存在资金被控制风险,0000000000000000000000000000000000000000000000000000000000001abc,F:\CTF-任务\dtcworld\artifacts\dtcworld\cache\withdraw-juggle.txt
bsc,0x50c9ddc16e355522950bca553f56b410e3194812,CTF-任务-356,wj_apk,2.8e-17,,BNB,2.8e-17,False,True,False,True,0x1c3630c594effaac3e9aea562ee26a65b171763c,⚠ EIP-7702 委托账户：代码执行被委托给 0x1c3630c594effaac3e9aea562ee26a65b171763c。私钥可签名，但交易会经该合约执行，存在资金被控制风险,0000000000000000000000000000000000000000000000000000000000000548,F:\CTF-任务\wj_apk\wj_apk\evidence\wallet_records.jsonl
bsc,0x5275d06bc9de3661783331380a810da55cd31544,CTF-任务-830,hall_haoyun,2.8e-17,,BNB,2.8e-17,False,True,False,True,0x1c3630c594effaac3e9aea562ee26a65b171763c,⚠ EIP-7702 委托账户：代码执行被委托给 0x1c3630c594effaac3e9aea562ee26a65b171763c。私钥可签名，但交易会经该合约执行，存在资金被控制风险,0000000000000000000000000000000000000000000000000000000000000271,F:\CTF-任务\hall_haoyun\hall_haoyun\apk_extracted\assets\cfg\a\DVDirectory.cfg
bsc,0x4f524b2260e919a7f59692ed36f3c5fc2deebead,CTF-任务-109,evccoin,2.8e-17,,BNB,2.8e-17,False,True,False,True,0x1c3630c594effaac3e9aea562ee26a65b171763c,⚠ EIP-7702 委托账户：代码执行被委托给 0x1c3630c594effaac3e9aea562ee26a65b171763c。私钥可签名，但交易会经该合约执行，存在资金被控制风险,0000000000000000000000000000000000000000000000000000000000000dca,F:\CTF-任务\evccoin\artifacts\evccoin\wordlists\rockyou.txt.gz
bsc,0x53ea689b93dbdd1218dbf8dfee522ef45d39337c,CTF-任务-285,臻途,2.8e-17,,BNB,2.8e-17,False,True,False,True,0x1c3630c594effaac3e9aea562ee26a65b171763c,⚠ EIP-7702 委托账户：代码执行被委托给 0x1c3630c594effaac3e9aea562ee26a65b171763c。私钥可签名，但交易会经该合约执行，存在资金被控制风险,0000000000000000000000000000000000000000000000000000000000000981,F:\CTF-任务\臻途\artifacts\_待归类收回-20260916\cases-apk_analysis\apk_analysis\bundle_decompiled.js
bsc,0x52e835aca273ba190e6210e3a38b42255cd848a2,CTF-任务-1750,hall_haoyun,2.8e-17,,BNB,2.8e-17,False,True,False,True,0x1c3630c594effaac3e9aea562ee26a65b171763c,⚠ EIP-7702 委托账户：代码执行被委托给 0x1c3630c594effaac3e9aea562ee26a65b171763c。私钥可签名，但交易会经该合约执行，存在资金被控制风险,0000000000000000000000000000000000000000000000000000000000001334,F:\CTF-任务\hall_haoyun\hall_haoyun\apk_extracted\assets\cfg\a\mode_1\map.sdkrs
bsc,0x542947ce62186c70973dd5030a008e79655047a2,CTF-任务-111,臻途,2.8e-17,,BNB,2.8e-17,False,True,False,True,0x1c3630c594effaac3e9aea562ee26a65b171763c,⚠ EIP-7702 委托账户：代码执行被委托给 0x1c3630c594effaac3e9aea562ee26a65b171763c。私钥可签名，但交易会经该合约执行，存在资金被控制风险,0000000000000000000000000000000000000000000000000000000000000553,F:\CTF-任务\臻途\artifacts\_待归类收回-20260916\cases-apk_analysis\apk_analysis\bundle_decompiled.js
bsc,0x5432ec6d5ff40f79e0630b2bf62f199c99e126c9,CTF-任务-635,wj_apk,2.8e-17,,BNB,2.8e-17,False,True,False,True,0x1c3630c594effaac3e9aea562ee26a65b171763c,⚠ EIP-7702 委托账户：代码执行被委托给 0x1c3630c594effaac3e9aea562ee26a65b171763c。私钥可签名，但交易会经该合约执行，存在资金被控制风险,0000000000000000000000000000000000000000000000000000000000001170,F:\CTF-任务\wj_apk\wj_apk\evidence\wallet_records.jsonl
bsc,0x4f9e08a50caf7e433bb9eba5e0aff81d897cedd0,CTF-任务-596,wj_apk,2.8e-17,,BNB,2.8e-17,False,True,False,True,0x1c3630c594effaac3e9aea562ee26a65b171763c,⚠ EIP-7702 委托账户：代码执行被委托给 0x1c3630c594effaac3e9aea562ee26a65b171763c。私钥可签名，但交易会经该合约执行，存在资金被控制风险,0000000000000000000000000000000000000000000000000000000000002300,F:\CTF-任务\wj_apk\wj_apk\evidence\wallet_records.jsonl
bsc,0x5473f3c7a507a72330208d0e00d225a3ea4eae89,CTF-任务-2423,hall_haoyun,2.8e-17,,BNB,2.8e-17,False,True,False,True,0x1c3630c594effaac3e9aea562ee26a65b171763c,⚠ EIP-7702 委托账户：代码执行被委托给 0x1c3630c594effaac3e9aea562ee26a65b171763c。私钥可签名，但交易会经该合约执行，存在资金被控制风险,0000000000000000000000000000000000000000000000000000000000001038,F:\CTF-任务\hall_haoyun\hall_haoyun\apk_extracted\assets\cfg\a\mode_1\map.sdkrs
bsc,0x53adc7c66ec868a7825e9cb4eacae0fa71548336,CTF-任务-861,hall_haoyun,2.8e-17,,BNB,2.8e-17,False,True,False,True,0x1c3630c594effaac3e9aea562ee26a65b171763c,⚠ EIP-7702 委托账户：代码执行被委托给 0x1c3630c594effaac3e9aea562ee26a65b171763c。私钥可签名，但交易会经该合约执行，存在资金被控制风险,0000000000000000000000000000000000000000000000000000000000000362,F:\CTF-任务\hall_haoyun\hall_haoyun\apk_extracted\assets\cfg\a\DVDirectory.cfg
bsc,0x53c85917d0b12787de827e875fa7291d267cdafe,CTF-任务-182,siemens,2.8e-17,,BNB,2.8e-17,False,True,False,True,0x1c3630c594effaac3e9aea562ee26a65b171763c,⚠ EIP-7702 委托账户：代码执行被委托给 0x1c3630c594effaac3e9aea562ee26a65b171763c。私钥可签名，但交易会经该合约执行，存在资金被控制风险,0000000000000000000000000000000000000000000000000000000000001493,F:\CTF-任务\siemens\siemens_scan\projects_3.json
bsc,0x54c5cdc84f0a62c4d7dbeab3a6eb6127def7d620,CTF-任务-530,wj_apk,2.8e-17,,BNB,2.8e-17,False,True,False,True,0x1c3630c594effaac3e9aea562ee26a65b171763c,⚠ EIP-7702 委托账户：代码执行被委托给 0x1c3630c594effaac3e9aea562ee26a65b171763c。私钥可签名，但交易会经该合约执行，存在资金被控制风险,0000000000000000000000000000000000000000000000000000000000001465,F:\CTF-任务\wj_apk\wj_apk\evidence\wallet_records.jsonl
bsc,0x56ed5e5427017ce33dbcd30777e2a13b9275c008,CTF-任务-158,hall_haoyun,2.8e-17,,BNB,2.8e-17,False,True,False,True,0x1c3630c594effaac3e9aea562ee26a65b171763c,⚠ EIP-7702 委托账户：代码执行被委托给 0x1c3630c594effaac3e9aea562ee26a65b171763c。私钥可签名，但交易会经该合约执行，存在资金被控制风险,0000000000000000000000000000000000000000000000000000000000000516,F:\CTF-任务\hall_haoyun\hall_haoyun\src_cocos2d-jsb.js
bsc,0x536862c8657e313244c18b814229ca8aba7f201c,CTF-任务-2082,hall_haoyun,3.2e-17,,BNB,3.2e-17,False,True,False,True,0x1c3630c594effaac3e9aea562ee26a65b171763c,⚠ EIP-7702 委托账户：代码执行被委托给 0x1c3630c594effaac3e9aea562ee26a65b171763c。私钥可签名，但交易会经该合约执行，存在资金被控制风险,0000000000000000000000000000000000000000000000000000000000000951,F:\CTF-任务\hall_haoyun\hall_haoyun\apk_extracted\assets\cfg\a\mode_1\map.sdkrs
bsc,0x543f6fcdf895b0e26d0a431da33920a0f10d2907,CTF-任务-207,wcn,2.8e-17,,BNB,2.8e-17,False,True,False,True,0x1c3630c594effaac3e9aea562ee26a65b171763c,⚠ EIP-7702 委托账户：代码执行被委托给 0x1c3630c594effaac3e9aea562ee26a65b171763c。私钥可签名，但交易会经该合约执行，存在资金被控制风险,00000000000000000000000000000000000000000000000000000000000001fa,F:\CTF-任务\wcn\images\wca_img\layer3.tar
bsc,0x5b2b49d275217f0c62b20da2d03f61028580862f,CTF-任务-2,oraswap,2.8e-17,,BNB,2.8e-17,False,True,False,True,0x1c3630c594effaac3e9aea562ee26a65b171763c,⚠ EIP-7702 委托账户：代码执行被委托给 0x1c3630c594effaac3e9aea562ee26a65b171763c。私钥可签名，但交易会经该合约执行，存在资金被控制风险,0000000000000000000000000000000000000000000000000000000000001032,F:\CTF-任务\oraswap\artifacts\oraswap\oraswap\_imp\impacket\wps.py
bsc,0x5b58185761433532bb06d3ea32f89ce0c5ae0be0,CTF-任务-2566,hall_haoyun,2.8e-17,,BNB,2.8e-17,False,True,False,True,0x1c3630c594effaac3e9aea562ee26a65b171763c,⚠ EIP-7702 委托账户：代码执行被委托给 0x1c3630c594effaac3e9aea562ee26a65b171763c。私钥可签名，但交易会经该合约执行，存在资金被控制风险,0000000000000000000000000000000000000000000000000000000000001220,F:\CTF-任务\hall_haoyun\hall_haoyun\apk_extracted\assets\cfg\a\mode_1\reduct.sdkrs
bsc,0x5cc15e1bd4b4a1aa8c440fa364b5cdbd9cdd0c51,CTF-任务-2938,hall_haoyun,2.8e-17,,BNB,2.8e-17,False,True,False,True,0x1c3630c594effaac3e9aea562ee26a65b171763c,⚠ EIP-7702 委托账户：代码执行被委托给 0x1c3630c594effaac3e9aea562ee26a65b171763c。私钥可签名，但交易会经该合约执行，存在资金被控制风险,0000000000000000000000000000000000000000000000000000000000001480,F:\CTF-任务\hall_haoyun\hall_haoyun\apk_extracted\assets\cfg\idrres\ResPackIndoorMap.sdkrs
bsc,0x5d9bd4770c4bd6a918d02f1a683109b4b095cc78,CTF-任务-221,wcn,2.8e-17,,BNB,2.8e-17,False,True,False,True,0x1c3630c594effaac3e9aea562ee26a65b171763c,⚠ EIP-7702 委托账户：代码执行被委托给 0x1c3630c594effaac3e9aea562ee26a65b171763c。私钥可签名，但交易会经该合约执行，存在资金被控制风险,0000000000000000000000000000000000000000000000000000000000000919,F:\CTF-任务\wcn\rootfs-extract\wcn_extract\etc\wallet-chain-node\go.sum
bsc,0x5cb1b10790c9cda88d18d0fa93c09ef47bc26d17,CTF-任务-47,aixai,2.8e-17,,BNB,2.8e-17,False,True,False,True,0x1c3630c594effaac3e9aea562ee26a65b171763c,⚠ EIP-7702 委托账户：代码执行被委托给 0x1c3630c594effaac3e9aea562ee26a65b171763c。私钥可签名，但交易会经该合约执行，存在资金被控制风险,00000000000000000000000000000000000000000000000000000000000001e9,F:\CTF-任务\aixai\aixai\apk_full\assets\public\charting_library\bundles\library.ed30e653462ab0610aff.js
bsc,0x57ca4d7cf29b1af1ab7a0ff2e1947c84473c415d,CTF-任务-1821,hall_haoyun,2.8e-17,,BNB,2.8e-17,False,True,False,True,0x1c3630c594effaac3e9aea562ee26a65b171763c,⚠ EIP-7702 委托账户：代码执行被委托给 0x1c3630c594effaac3e9aea562ee26a65b171763c。私钥可签名，但交易会经该合约执行，存在资金被控制风险,0000000000000000000000000000000000000000000000000000000000001124,F:\CTF-任务\hall_haoyun\hall_haoyun\apk_extracted\assets\cfg\a\mode_1\map.sdkrs
bsc,0x5fbe32df8c95600172ee537fb03296af17200af0,CTF-任务-1939,hall_haoyun,2.8e-17,,BNB,2.8e-17,False,True,False,True,0x1c3630c594effaac3e9aea562ee26a65b171763c,⚠ EIP-7702 委托账户：代码执行被委托给 0x1c3630c594effaac3e9aea562ee26a65b171763c。私钥可签名，但交易会经该合约执行，存在资金被控制风险,0000000000000000000000000000000000000000000000000000000000000549,F:\CTF-任务\hall_haoyun\hall_haoyun\apk_extracted\assets\cfg\a\mode_1\map.sdkrs
bsc,0x5754fb1f67b5cecbf28acd89e675d34b4fd2c8ed,CTF-任务-303,gccfund,2.8e-17,,BNB,2.8e-17,False,True,False,True,0x1c3630c594effaac3e9aea562ee26a65b171763c,⚠ EIP-7702 委托账户：代码执行被委托给 0x1c3630c594effaac3e9aea562ee26a65b171763c。私钥可签名，但交易会经该合约执行，存在资金被控制风险,0000000000000000000000000000000000000000000000000000000000000307,F:\CTF-任务\gccfund\artifacts\gccfund\cache\withdrawals_recipients_agg.json
bsc,0x609350de01d3255c6805ec4ade9880887af7c535,CTF-任务-240,arig-aster,2.8e-17,,BNB,2.8e-17,False,True,False,True,0x1c3630c594effaac3e9aea562ee26a65b171763c,⚠ EIP-7702 委托账户：代码执行被委托给 0x1c3630c594effaac3e9aea562ee26a65b171763c。私钥可签名，但交易会经该合约执行，存在资金被控制风险,0000000000000000000000000000000000000000000000000000000000000466,F:\CTF-任务\arig-aster\artifacts\arig-aster\02-web\passive\us_result.html
bsc,0x633a1fdf67b3ca03f07bba053bfa2cf5bf9ff285,CTF-任务-355,臻途,2.8e-17,,BNB,2.8e-17,False,True,False,True,0x1c3630c594effaac3e9aea562ee26a65b171763c,⚠ EIP-7702 委托账户：代码执行被委托给 0x1c3630c594effaac3e9aea562ee26a65b171763c。私钥可签名，但交易会经该合约执行，存在资金被控制风险,0000000000000000000000000000000000000000000000000000000000001464,F:\CTF-任务\臻途\artifacts\_待归类收回-20260916\cases-apk_analysis\apk_analysis\bundle_decompiled.js
bsc,0x5ed301229b9d4be7a5567c2dfdaea44f9851e0f1,CTF-任务-3165,hall_haoyun,2.8e-17,,BNB,2.8e-17,False,True,False,True,0x1c3630c594effaac3e9aea562ee26a65b171763c,⚠ EIP-7702 委托账户：代码执行被委托给 0x1c3630c594effaac3e9aea562ee26a65b171763c。私钥可签名，但交易会经该合约执行，存在资金被控制风险,0000000000000000000000000000000000000000000000000000000000001161,F:\CTF-任务\hall_haoyun\hall_haoyun\apk_extracted\assets\cfg\idrres\ResPackIndoorMap.sdkrs
bsc,0x634dbffb876995b0e262610f8650c9b80e60677f,CTF-任务-1037,hall_haoyun,2.8e-17,,BNB,2.8e-17,False,True,False,True,0x1c3630c594effaac3e9aea562ee26a65b171763c,⚠ EIP-7702 委托账户：代码执行被委托给 0x1c3630c594effaac3e9aea562ee26a65b171763c。私钥可签名，但交易会经该合约执行，存在资金被控制风险,0000000000000000000000000000000000000000000000000000000000000351,F:\CTF-任务\hall_haoyun\hall_haoyun\apk_extracted\assets\cfg\a\DVDirectory.cfg
bsc,0x61b40c1fb558c24c277b4322a0df3b190b354bcf,CTF-任务-15,hall_haoyun,2.8e-17,,BNB,2.8e-17,False,True,False,True,0x1c3630c594effaac3e9aea562ee26a65b171763c,⚠ EIP-7702 委托账户：代码执行被委托给 0x1c3630c594effaac3e9aea562ee26a65b171763c。私钥可签名，但交易会经该合约执行，存在资金被控制风险,0000000000000000000000000000000000000000000000000000000000000458,F:\CTF-任务\hall_haoyun\hall_haoyun\apk_extracted\assets\res\import\0c\0c45c91e1.json
bsc,0x5ee299527ac4a34808402ea7eda491abd39c3289,CTF-任务-62,bvs,2.8e-17,,BNB,2.8e-17,False,True,False,True,0x1c3630c594effaac3e9aea562ee26a65b171763c,⚠ EIP-7702 委托账户：代码执行被委托给 0x1c3630c594effaac3e9aea562ee26a65b171763c。私钥可签名，但交易会经该合约执行，存在资金被控制风险,0000000000000000000000000000000000000000000000000000000000000aba,F:\CTF-任务\bvs\bvs\apk_unpacked\classes2.dex
bsc,0x62e5d4e77639c6b1c7eeb21c9a3bbdb5f87440e3,CTF-任务-1169,hall_haoyun,2.8e-17,,BNB,2.8e-17,False,True,False,True,0x8a67b5020ee254ef48e3b6a04927f39baf7e408a,⚠ EIP-7702 委托账户：代码执行被委托给 0x8a67b5020ee254ef48e3b6a04927f39baf7e408a。私钥可签名，但交易会经该合约执行，存在资金被控制风险,0000000000000000000000000000000000000000000000000000000000000366,F:\CTF-任务\hall_haoyun\hall_haoyun\apk_extracted\assets\cfg\a\DVDirectory.cfg
bsc,0x434148468de09dcd8f44a6e620c521fd8bea2bf6,CTF-任务-3023,hall_haoyun,2.8e-17,,BNB,2.8e-17,False,True,False,True,0x1c3630c594effaac3e9aea562ee26a65b171763c,⚠ EIP-7702 委托账户：代码执行被委托给 0x1c3630c594effaac3e9aea562ee26a65b171763c。私钥可签名，但交易会经该合约执行，存在资金被控制风险,0000000000000000000000000000000000000000000000000000000000001098,F:\CTF-任务\hall_haoyun\hall_haoyun\apk_extracted\assets\cfg\idrres\ResPackIndoorMap.sdkrs
bsc,0x620a86b71cbd013da2de46766a2936424382cd2a,CTF-任务-2027,hall_haoyun,2.8e-17,,BNB,2.8e-17,False,True,False,True,0x1c3630c594effaac3e9aea562ee26a65b171763c,⚠ EIP-7702 委托账户：代码执行被委托给 0x1c3630c594effaac3e9aea562ee26a65b171763c。私钥可签名，但交易会经该合约执行，存在资金被控制风险,0000000000000000000000000000000000000000000000000000000000001363,F:\CTF-任务\hall_haoyun\hall_haoyun\apk_extracted\assets\cfg\a\mode_1\map.sdkrs
bsc,0x6374caca1711608f9ad1dc0cfde72c9d75cf1603,CTF-任务-826,hall_haoyun,2.8e-17,,BNB,2.8e-17,False,True,False,True,0x1c3630c594effaac3e9aea562ee26a65b171763c,⚠ EIP-7702 委托账户：代码执行被委托给 0x1c3630c594effaac3e9aea562ee26a65b171763c。私钥可签名，但交易会经该合约执行，存在资金被控制风险,0000000000000000000000000000000000000000000000000000000000000373,F:\CTF-任务\hall_haoyun\hall_haoyun\apk_extracted\assets\cfg\a\DVDirectory.cfg
bsc,0x5d508031b360129df797e01a2d3d4332289b4d01,CTF-任务-1524,hall_haoyun,2.8e-17,,BNB,2.8e-17,False,True,False,True,0x1c3630c594effaac3e9aea562ee26a65b171763c,⚠ EIP-7702 委托账户：代码执行被委托给 0x1c3630c594effaac3e9aea562ee26a65b171763c。私钥可签名，但交易会经该合约执行，存在资金被控制风险,0000000000000000000000000000000000000000000000000000000000000243,F:\CTF-任务\hall_haoyun\hall_haoyun\apk_extracted\assets\cfg\a\DVDirectory.cfg
bsc,0x659487b9ae520bc25227b46b76afc653a2f5f16d,CTF-任务-157,臻途,2.8e-17,,BNB,2.8e-17,False,True,False,True,0x1c3630c594effaac3e9aea562ee26a65b171763c,⚠ EIP-7702 委托账户：代码执行被委托给 0x1c3630c594effaac3e9aea562ee26a65b171763c。私钥可签名，但交易会经该合约执行，存在资金被控制风险,0000000000000000000000000000000000000000000000000000000000000431,F:\CTF-任务\臻途\artifacts\_待归类收回-20260916\cases-apk_analysis\apk_analysis\bundle_decompiled.js
bsc,0x648ba970a9285ec2867d9fe1088d0b865c7072ea,CTF-任务-53,bvs,2.8e-17,,BNB,2.8e-17,False,True,False,True,0x1c3630c594effaac3e9aea562ee26a65b171763c,⚠ EIP-7702 委托账户：代码执行被委托给 0x1c3630c594effaac3e9aea562ee26a65b171763c。私钥可签名，但交易会经该合约执行，存在资金被控制风险,0000000000000000000000000000000000000000000000000000000000000214,F:\CTF-任务\bvs\bvs\bvc122_unpacked\assets\anim_splash.pag
bsc,0x661de0172b0296af3652039db8ed79697e404b52,CTF-任务-50,dapplink代码库,2.8e-17,,BNB,2.8e-17,False,True,False,True,0x1c3630c594effaac3e9aea562ee26a65b171763c,⚠ EIP-7702 委托账户：代码执行被委托给 0x1c3630c594effaac3e9aea562ee26a65b171763c。私钥可签名，但交易会经该合约执行，存在资金被控制风险,0000000000000000000000000000000000000000000000000000000000000717,F:\CTF-任务\dapplink代码库\gh\blockadmin\common\static\images\error.svg
bsc,0x65ea79cb5941da9789c94943fba8eaece21e89c4,CTF-任务-734,wj_apk,2.8e-17,,BNB,2.8e-17,False,True,False,True,0x1c3630c594effaac3e9aea562ee26a65b171763c,⚠ EIP-7702 委托账户：代码执行被委托给 0x1c3630c594effaac3e9aea562ee26a65b171763c。私钥可签名，但交易会经该合约执行，存在资金被控制风险,0000000000000000000000000000000000000000000000000000000000001101,F:\CTF-任务\wj_apk\wj_apk\evidence\withdraw_ignored.jsonl
bsc,0x64d5266d56063f56edaaa51ffb955ce6cdb09436,CTF-任务-1796,hall_haoyun,2.8e-17,,BNB,2.8e-17,False,True,False,True,0x1c3630c594effaac3e9aea562ee26a65b171763c,⚠ EIP-7702 委托账户：代码执行被委托给 0x1c3630c594effaac3e9aea562ee26a65b171763c。私钥可签名，但交易会经该合约执行，存在资金被控制风险,0000000000000000000000000000000000000000000000000000000000000395,F:\CTF-任务\hall_haoyun\hall_haoyun\apk_extracted\assets\cfg\a\mode_1\map.sdkrs
bsc,0x613d1e2eae76eed5c260ef50c7548ca15917f3f9,CTF-任务-3364,hall_haoyun,2.8e-17,,BNB,2.8e-17,False,True,False,True,0x1c3630c594effaac3e9aea562ee26a65b171763c,⚠ EIP-7702 委托账户：代码执行被委托给 0x1c3630c594effaac3e9aea562ee26a65b171763c。私钥可签名，但交易会经该合约执行，存在资金被控制风险,0000000000000000000000000000000000000000000000000000000000001811,F:\CTF-任务\hall_haoyun\hall_haoyun\apk_extracted\assets\cfg\idrres\ResPackIndoorMap.sdkrs
bsc,0x570bb48cd720aec93ed5dc81e7de507ae917d25c,CTF-任务-3149,hall_haoyun,2.8e-17,,BNB,2.8e-17,False,True,False,True,0x1c3630c594effaac3e9aea562ee26a65b171763c,⚠ EIP-7702 委托账户：代码执行被委托给 0x1c3630c594effaac3e9aea562ee26a65b171763c。私钥可签名，但交易会经该合约执行，存在资金被控制风险,0000000000000000000000000000000000000000000000000000000000001073,F:\CTF-任务\hall_haoyun\hall_haoyun\apk_extracted\assets\cfg\idrres\ResPackIndoorMap.sdkrs
bsc,0x6a58fdc2f55af58fd895f33a04509eacf70bcbd5,CTF-任务-29,dapplink代码库,2.8e-17,,BNB,2.8e-17,False,True,False,True,0x1c3630c594effaac3e9aea562ee26a65b171763c,⚠ EIP-7702 委托账户：代码执行被委托给 0x1c3630c594effaac3e9aea562ee26a65b171763c。私钥可签名，但交易会经该合约执行，存在资金被控制风险,0000000000000000000000000000000000000000000000000000000000000915,F:\CTF-任务\dapplink代码库\gh\nakapay_app\src\icons\svg\time-line.svg
bsc,0x63f98f6e9cc0ca72e9e88d559a1fe7070d03a869,CTF-任务-124,evccoin,2.8e-17,,BNB,2.8e-17,False,True,False,True,0x1c3630c594effaac3e9aea562ee26a65b171763c,⚠ EIP-7702 委托账户：代码执行被委托给 0x1c3630c594effaac3e9aea562ee26a65b171763c。私钥可签名，但交易会经该合约执行，存在资金被控制风险,0000000000000000000000000000000000000000000000000000000000000bad,F:\CTF-任务\evccoin\artifacts\evccoin\wordlists\rockyou.txt.gz
bsc,0x6282de81b2455222c4b15159b36c03f55d4903d6,CTF-任务-970,hall_haoyun,2.8e-17,,BNB,2.8e-17,False,True,False,True,0x1c3630c594effaac3e9aea562ee26a65b171763c,⚠ EIP-7702 委托账户：代码执行被委托给 0x1c3630c594effaac3e9aea562ee26a65b171763c。私钥可签名，但交易会经该合约执行，存在资金被控制风险,0000000000000000000000000000000000000000000000000000000000000225,F:\CTF-任务\hall_haoyun\hall_haoyun\apk_extracted\assets\cfg\a\DVDirectory.cfg
bsc,0x68f353b3d38c7a55dbd0dd5ee67f9d1157484c3e,CTF-任务-147,bvs,2.8e-17,,BNB,2.8e-17,False,True,False,True,0x1c3630c594effaac3e9aea562ee26a65b171763c,⚠ EIP-7702 委托账户：代码执行被委托给 0x1c3630c594effaac3e9aea562ee26a65b171763c。私钥可签名，但交易会经该合约执行，存在资金被控制风险,0000000000000000000000000000000000000000000000000000000000001251,F:\CTF-任务\bvs\bvs\admin_assets\app.js
bsc,0x6383a7bc72cbf5acc80d5b3f69a079a3d2c44193,CTF-任务-3216,hall_haoyun,2.8e-17,,BNB,2.8e-17,False,True,False,True,0x1c3630c594effaac3e9aea562ee26a65b171763c,⚠ EIP-7702 委托账户：代码执行被委托给 0x1c3630c594effaac3e9aea562ee26a65b171763c。私钥可签名，但交易会经该合约执行，存在资金被控制风险,0000000000000000000000000000000000000000000000000000000000001425,F:\CTF-任务\hall_haoyun\hall_haoyun\apk_extracted\assets\cfg\idrres\ResPackIndoorMap.sdkrs
bsc,0x6bcddc6540237795c11465d12d2b33411d6249e9,CTF-任务-9,aixai,2.8e-17,,BNB,2.8e-17,False,True,False,True,0x1c3630c594effaac3e9aea562ee26a65b171763c,⚠ EIP-7702 委托账户：代码执行被委托给 0x1c3630c594effaac3e9aea562ee26a65b171763c。私钥可签名，但交易会经该合约执行，存在资金被控制风险,0000000000000000000000000000000000000000000000000000000000000800,F:\CTF-任务\aixai\artifacts\aixai\admin\vendors.js
bsc,0x6a87bfd9876bdbc2ab8e9ad19bf8692dee529e2d,CTF-任务-659,nxpro,2.8e-17,,BNB,2.8e-17,False,True,False,True,0x1c3630c594effaac3e9aea562ee26a65b171763c,⚠ EIP-7702 委托账户：代码执行被委托给 0x1c3630c594effaac3e9aea562ee26a65b171763c。私钥可签名，但交易会经该合约执行，存在资金被控制风险,00000000000000000000000000000000000000000000000000000000000003a1,F:\CTF-任务\nxpro\artifacts\nxpro\cache\rockyou.txt.tar.gz
bsc,0x6c7495107ccc046649f29ff12402b6b08d946f97,CTF-任务-329,臻途,2.8e-17,,BNB,2.8e-17,False,True,False,True,0x1c3630c594effaac3e9aea562ee26a65b171763c,⚠ EIP-7702 委托账户：代码执行被委托给 0x1c3630c594effaac3e9aea562ee26a65b171763c。私钥可签名，但交易会经该合约执行，存在资金被控制风险,0000000000000000000000000000000000000000000000000000000000000523,F:\CTF-任务\臻途\artifacts\_待归类收回-20260916\cases-apk_analysis\apk_analysis\bundle_decompiled.js
bsc,0x49271625bec0df7db6617675a6ce9c468111d97e,CTF-任务-135,dtcworld,2.8e-17,,BNB,2.8e-17,False,True,False,True,0x1c3630c594effaac3e9aea562ee26a65b171763c,⚠ EIP-7702 委托账户：代码执行被委托给 0x1c3630c594effaac3e9aea562ee26a65b171763c。私钥可签名，但交易会经该合约执行，存在资金被控制风险,0000000000000000000000000000000000000000000000000000000000001247,F:\CTF-任务\dtcworld\artifacts\dtcworld\01-recon\raw\js\chunk-vendors.e12b5988.js
bsc,0x71643160cb2e89efc62a52bb42987a2195ad0289,CTF-任务-1102,hall_haoyun,2.8e-17,,BNB,2.8e-17,False,True,False,True,0x1c3630c594effaac3e9aea562ee26a65b171763c,⚠ EIP-7702 委托账户：代码执行被委托给 0x1c3630c594effaac3e9aea562ee26a65b171763c。私钥可签名，但交易会经该合约执行，存在资金被控制风险,0000000000000000000000000000000000000000000000000000000000000246,F:\CTF-任务\hall_haoyun\hall_haoyun\apk_extracted\assets\cfg\a\DVDirectory.cfg
bsc,0x72052606745c0309272399e36a5a7018d0519123,CTF-任务-3053,hall_haoyun,2.8e-17,,BNB,2.8e-17,False,True,False,True,0x1c3630c594effaac3e9aea562ee26a65b171763c,⚠ EIP-7702 委托账户：代码执行被委托给 0x1c3630c594effaac3e9aea562ee26a65b171763c。私钥可签名，但交易会经该合约执行，存在资金被控制风险,0000000000000000000000000000000000000000000000000000000000001472,F:\CTF-任务\hall_haoyun\hall_haoyun\apk_extracted\assets\cfg\idrres\ResPackIndoorMap.sdkrs
bsc,0x74fe4cb3ea4cc0e55ad2826574c9e486e19a5fba,CTF-任务-2187,hall_haoyun,2.8e-17,,BNB,2.8e-17,False,True,False,True,0x1c3630c594effaac3e9aea562ee26a65b171763c,⚠ EIP-7702 委托账户：代码执行被委托给 0x1c3630c594effaac3e9aea562ee26a65b171763c。私钥可签名，但交易会经该合约执行，存在资金被控制风险,0000000000000000000000000000000000000000000000000000000000000947,F:\CTF-任务\hall_haoyun\hall_haoyun\apk_extracted\assets\cfg\a\mode_1\map.sdkrs
bsc,0x735a43e152bea2ea76080d6fc7aee35f00c22562,CTF-任务-2657,hall_haoyun,2.8e-17,,BNB,2.8e-17,False,True,False,True,0x1c3630c594effaac3e9aea562ee26a65b171763c,⚠ EIP-7702 委托账户：代码执行被委托给 0x1c3630c594effaac3e9aea562ee26a65b171763c。私钥可签名，但交易会经该合约执行，存在资金被控制风险,0000000000000000000000000000000000000000000000000000000000001241,F:\CTF-任务\hall_haoyun\hall_haoyun\apk_extracted\assets\cfg\a\mode_1\reduct.sdkrs
bsc,0x75ccfee06aace5a28e12cd142b2f375a736db925,CTF-任务-375,rda2035,2.8e-17,,BNB,2.8e-17,False,True,False,True,0x8a67b5020ee254ef48e3b6a04927f39baf7e408a,⚠ EIP-7702 委托账户：代码执行被委托给 0x8a67b5020ee254ef48e3b6a04927f39baf7e408a。私钥可签名，但交易会经该合约执行，存在资金被控制风险,0000000000000000000000000000000000000000000000000000000000000852,F:\CTF-任务\rda2035\artifacts\rda2035\01-recon\raw\adminchunks\chunk-1312a632.3791bd3f.js
bsc,0x737da88efd987708a0725617f547c41ec662dcf3,CTF-任务-2136,hall_haoyun,2.8e-17,,BNB,2.8e-17,False,True,False,True,0x1c3630c594effaac3e9aea562ee26a65b171763c,⚠ EIP-7702 委托账户：代码执行被委托给 0x1c3630c594effaac3e9aea562ee26a65b171763c。私钥可签名，但交易会经该合约执行，存在资金被控制风险,0000000000000000000000000000000000000000000000000000000000001982,F:\CTF-任务\hall_haoyun\hall_haoyun\apk_extracted\assets\cfg\a\mode_1\map.sdkrs
bsc,0x6f4114bdc093be9aa4f64eb39fd6c7fcfe22abb8,CTF-任务-3109,hall_haoyun,2.8e-17,,BNB,2.8e-17,False,True,False,True,0x1c3630c594effaac3e9aea562ee26a65b171763c,⚠ EIP-7702 委托账户：代码执行被委托给 0x1c3630c594effaac3e9aea562ee26a65b171763c。私钥可签名，但交易会经该合约执行，存在资金被控制风险,0000000000000000000000000000000000000000000000000000000000001318,F:\CTF-任务\hall_haoyun\hall_haoyun\apk_extracted\assets\cfg\idrres\ResPackIndoorMap.sdkrs
bsc,0x771e93b5684982f79f37ded988448ecb3a3047d5,CTF-任务-284,evccoin,2.8e-17,,BNB,2.8e-17,False,True,False,True,0x1c3630c594effaac3e9aea562ee26a65b171763c,⚠ EIP-7702 委托账户：代码执行被委托给 0x1c3630c594effaac3e9aea562ee26a65b171763c。私钥可签名，但交易会经该合约执行，存在资金被控制风险,0000000000000000000000000000000000000000000000000000000000000a0a,F:\CTF-任务\evccoin\artifacts\evccoin\wordlists\rockyou.txt.gz
bsc,0x738cd323e5ffaea0c034228e5ae659b123720217,CTF-任务-239,omniweb,2.8e-17,,BNB,2.8e-17,False,True,False,True,0x1c3630c594effaac3e9aea562ee26a65b171763c,⚠ EIP-7702 委托账户：代码执行被委托给 0x1c3630c594effaac3e9aea562ee26a65b171763c。私钥可签名，但交易会经该合约执行，存在资金被控制风险,0000000000000000000000000000000000000000000000000000000000000740,F:\CTF-任务\omniweb\omniweb_scan\admin\umi.71a70a84.js
bsc,0x73c81a89e7866e40a89bff0bfcc79bfe07c876af,CTF-任务-2255,hall_haoyun,2.8e-17,,BNB,2.8e-17,False,True,False,True,0x1c3630c594effaac3e9aea562ee26a65b171763c,⚠ EIP-7702 委托账户：代码执行被委托给 0x1c3630c594effaac3e9aea562ee26a65b171763c。私钥可签名，但交易会经该合约执行，存在资金被控制风险,0000000000000000000000000000000000000000000000000000000000000464,F:\CTF-任务\hall_haoyun\hall_haoyun\apk_extracted\assets\cfg\a\mode_1\map.sdkrs
bsc,0x781d2c667f36ff79d39fe59ebbb22ef955c2a02d,CTF-任务-2420,hall_haoyun,2.8e-17,,BNB,2.8e-17,False,True,False,True,0x1c3630c594effaac3e9aea562ee26a65b171763c,⚠ EIP-7702 委托账户：代码执行被委托给 0x1c3630c594effaac3e9aea562ee26a65b171763c。私钥可签名，但交易会经该合约执行，存在资金被控制风险,0000000000000000000000000000000000000000000000000000000000000496,F:\CTF-任务\hall_haoyun\hall_haoyun\apk_extracted\assets\cfg\a\mode_1\map.sdkrs
bsc,0x7944a0ff15d629863e5338be79e45d107463d322,CTF-任务-649,wj_apk,2.8e-17,,BNB,2.8e-17,False,True,False,True,0x1c3630c594effaac3e9aea562ee26a65b171763c,⚠ EIP-7702 委托账户：代码执行被委托给 0x1c3630c594effaac3e9aea562ee26a65b171763c。私钥可签名，但交易会经该合约执行，存在资金被控制风险,0000000000000000000000000000000000000000000000000000000000000685,F:\CTF-任务\wj_apk\wj_apk\evidence\wallet_records.jsonl
bsc,0x73e4fe27659c999325f5c29ee2362e8ef7f72f9c,CTF-任务-644,wj_apk,2.8e-17,,BNB,2.8e-17,False,True,False,True,0x1c3630c594effaac3e9aea562ee26a65b171763c,⚠ EIP-7702 委托账户：代码执行被委托给 0x1c3630c594effaac3e9aea562ee26a65b171763c。私钥可签名，但交易会经该合约执行，存在资金被控制风险,0000000000000000000000000000000000000000000000000000000000001057,F:\CTF-任务\wj_apk\wj_apk\evidence\wallet_records.jsonl
bsc,0x7ae3181be62b0326e2c9a2dc678ddbc234d1f8f5,CTF-任务-990,hall_haoyun,2.8e-17,,BNB,2.8e-17,False,True,False,True,0x1c3630c594effaac3e9aea562ee26a65b171763c,⚠ EIP-7702 委托账户：代码执行被委托给 0x1c3630c594effaac3e9aea562ee26a65b171763c。私钥可签名，但交易会经该合约执行，存在资金被控制风险,0000000000000000000000000000000000000000000000000000000000000278,F:\CTF-任务\hall_haoyun\hall_haoyun\apk_extracted\assets\cfg\a\DVDirectory.cfg
bsc,0x72bb013676d4da221a29cba5e755d2e43bfd995b,CTF-任务-354,wj_apk,2.8e-17,,BNB,2.8e-17,False,True,False,True,0x1c3630c594effaac3e9aea562ee26a65b171763c,⚠ EIP-7702 委托账户：代码执行被委托给 0x1c3630c594effaac3e9aea562ee26a65b171763c。私钥可签名，但交易会经该合约执行，存在资金被控制风险,0000000000000000000000000000000000000000000000000000000000000604,F:\CTF-任务\wj_apk\wj_apk\evidence\wallet_records.jsonl
bsc,0x79bb29846a7e211261858d58daeeff091bcb30ad,CTF-任务-456,wj_apk,2.8e-17,,BNB,2.8e-17,False,True,False,True,0x1c3630c594effaac3e9aea562ee26a65b171763c,⚠ EIP-7702 委托账户：代码执行被委托给 0x1c3630c594effaac3e9aea562ee26a65b171763c。私钥可签名，但交易会经该合约执行，存在资金被控制风险,0000000000000000000000000000000000000000000000000000000000001180,F:\CTF-任务\wj_apk\wj_apk\evidence\wallet_records.jsonl
bsc,0x7c446c130f3d04e0345b33c848fcb5a6f2e39a38,CTF-任务-499,evccoin,2.8e-17,,BNB,2.8e-17,False,True,False,True,0x1c3630c594effaac3e9aea562ee26a65b171763c,⚠ EIP-7702 委托账户：代码执行被委托给 0x1c3630c594effaac3e9aea562ee26a65b171763c。私钥可签名，但交易会经该合约执行，存在资金被控制风险,00000000000000000000000000000000000000000000000000000000000001d7,F:\CTF-任务\evccoin\artifacts\evccoin\wordlists\rockyou.txt.gz
bsc,0x7121207b118bbacf0340a989527474bd4495c3c6,CTF-任务-726,hall_haoyun,4e-18,,BNB,4e-18,False,True,False,True,0x1c3630c594effaac3e9aea562ee26a65b171763c,⚠ EIP-7702 委托账户：代码执行被委托给 0x1c3630c594effaac3e9aea562ee26a65b171763c。私钥可签名，但交易会经该合约执行，存在资金被控制风险,0000000000000000000000000000000000000000000000000000000000000309,F:\CTF-任务\hall_haoyun\hall_haoyun\apk_extracted\assets\cfg\a\DVDirectory.cfg
bsc,0x7bc7399a3af04b3f22a7bb82990f8a4dd859ba47,CTF-任务-598,hall_haoyun,2.8e-17,,BNB,2.8e-17,False,True,False,True,0x1c3630c594effaac3e9aea562ee26a65b171763c,⚠ EIP-7702 委托账户：代码执行被委托给 0x1c3630c594effaac3e9aea562ee26a65b171763c。私钥可签名，但交易会经该合约执行，存在资金被控制风险,0000000000000000000000000000000000000000000000000000000000000296,F:\CTF-任务\hall_haoyun\hall_haoyun\apk_extracted\assets\cfg\a\DVDirectory.cfg
bsc,0x7954b6fa0da7bc9d53c2a76c72a6e9a36f66a458,CTF-任务-869,hall_haoyun,2.8e-17,,BNB,2.8e-17,False,True,False,True,0x1c3630c594effaac3e9aea562ee26a65b171763c,⚠ EIP-7702 委托账户：代码执行被委托给 0x1c3630c594effaac3e9aea562ee26a65b171763c。私钥可签名，但交易会经该合约执行，存在资金被控制风险,0000000000000000000000000000000000000000000000000000000000000270,F:\CTF-任务\hall_haoyun\hall_haoyun\apk_extracted\assets\cfg\a\DVDirectory.cfg
bsc,0x7bb18376dc84ccfc4c4c9fe8367bf306a213c43c,CTF-任务-276,omniweb,4e-18,,BNB,4e-18,False,True,False,True,0x1c3630c594effaac3e9aea562ee26a65b171763c,⚠ EIP-7702 委托账户：代码执行被委托给 0x1c3630c594effaac3e9aea562ee26a65b171763c。私钥可签名，但交易会经该合约执行，存在资金被控制风险,0000000000000000000000000000000000000000000000000000000000000480,F:\CTF-任务\omniweb\omniweb_scan\admin\umi.71a70a84.js
bsc,0x76da31d0e141ad2f7b7d8a2a3eb86c387b02d838,CTF-任务-1189,hall_haoyun,2.8e-17,,BNB,2.8e-17,False,True,False,True,0x1c3630c594effaac3e9aea562ee26a65b171763c,⚠ EIP-7702 委托账户：代码执行被委托给 0x1c3630c594effaac3e9aea562ee26a65b171763c。私钥可签名，但交易会经该合约执行，存在资金被控制风险,0000000000000000000000000000000000000000000000000000000000000287,F:\CTF-任务\hall_haoyun\hall_haoyun\apk_extracted\assets\cfg\a\DVDirectory.cfg
bsc,0x7a0860c3cd35a1d12b923d3ffa590b2c308727b6,CTF-任务-2257,hall_haoyun,2.8e-17,,BNB,2.8e-17,False,True,False,True,0x1c3630c594effaac3e9aea562ee26a65b171763c,⚠ EIP-7702 委托账户：代码执行被委托给 0x1c3630c594effaac3e9aea562ee26a65b171763c。私钥可签名，但交易会经该合约执行，存在资金被控制风险,0000000000000000000000000000000000000000000000000000000000000442,F:\CTF-任务\hall_haoyun\hall_haoyun\apk_extracted\assets\cfg\a\mode_1\map.sdkrs
bsc,0x7aaf0406b4a74fa676a779e992ea614c2eac7e35,CTF-任务-287,gccfund,2.8e-17,,BNB,2.8e-17,False,True,False,True,0x1c3630c594effaac3e9aea562ee26a65b171763c,⚠ EIP-7702 委托账户：代码执行被委托给 0x1c3630c594effaac3e9aea562ee26a65b171763c。私钥可签名，但交易会经该合约执行，存在资金被控制风险,0000000000000000000000000000000000000000000000000000000000000571,F:\CTF-任务\gccfund\artifacts\gccfund\cache\withdrawals_recipients_agg.json
bsc,0x7d38c28a426294b9c2f92963eb60482a8dd3253c,CTF-任务-618,hall_haoyun,2.8e-17,,BNB,2.8e-17,False,True,False,True,0x1c3630c594effaac3e9aea562ee26a65b171763c,⚠ EIP-7702 委托账户：代码执行被委托给 0x1c3630c594effaac3e9aea562ee26a65b171763c。私钥可签名，但交易会经该合约执行，存在资金被控制风险,0000000000000000000000000000000000000000000000000000000000000207,F:\CTF-任务\hall_haoyun\hall_haoyun\apk_extracted\assets\cfg\a\DVDirectory.cfg
bsc,0x794753da53bb65c36088c0b95d70a050ce97d5e5,CTF-任务-1984,hall_haoyun,2.8e-17,,BNB,2.8e-17,False,True,False,True,0x1c3630c594effaac3e9aea562ee26a65b171763c,⚠ EIP-7702 委托账户：代码执行被委托给 0x1c3630c594effaac3e9aea562ee26a65b171763c。私钥可签名，但交易会经该合约执行，存在资金被控制风险,0000000000000000000000000000000000000000000000000000000000000601,F:\CTF-任务\hall_haoyun\hall_haoyun\apk_extracted\assets\cfg\a\mode_1\map.sdkrs
bsc,0x809365a1cd0155f3d8c936b85b706d39734642de,CTF-任务-2400,hall_haoyun,2.8e-17,,BNB,2.8e-17,False,True,False,True,0x1c3630c594effaac3e9aea562ee26a65b171763c,⚠ EIP-7702 委托账户：代码执行被委托给 0x1c3630c594effaac3e9aea562ee26a65b171763c。私钥可签名，但交易会经该合约执行，存在资金被控制风险,0000000000000000000000000000000000000000000000000000000000000985,F:\CTF-任务\hall_haoyun\hall_haoyun\apk_extracted\assets\cfg\a\mode_1\map.sdkrs
bsc,0x7ff5e44b54742a9d3b64193c18b2e78c5e8ee539,CTF-任务-294,gccfund,2.8e-17,,BNB,2.8e-17,False,True,False,True,0x8a67b5020ee254ef48e3b6a04927f39baf7e408a,⚠ EIP-7702 委托账户：代码执行被委托给 0x8a67b5020ee254ef48e3b6a04927f39baf7e408a。私钥可签名，但交易会经该合约执行，存在资金被控制风险,0000000000000000000000000000000000000000000000000000000000000410,F:\CTF-任务\gccfund\artifacts\gccfund\cache\withdrawals_recipients_agg.json
bsc,0x7f582b149845d5767e61a79f16f662b72fdaa880,CTF-任务-811,hall_haoyun,2.8e-17,,BNB,2.8e-17,False,True,False,True,0x1c3630c594effaac3e9aea562ee26a65b171763c,⚠ EIP-7702 委托账户：代码执行被委托给 0x1c3630c594effaac3e9aea562ee26a65b171763c。私钥可签名，但交易会经该合约执行，存在资金被控制风险,0000000000000000000000000000000000000000000000000000000000000312,F:\CTF-任务\hall_haoyun\hall_haoyun\apk_extracted\assets\cfg\a\DVDirectory.cfg
bsc,0x80c2affddc0eec938ba701407329826ef9c18fc2,CTF-任务-209,omniweb,2.8e-17,,BNB,2.8e-17,False,True,False,True,0x1c3630c594effaac3e9aea562ee26a65b171763c,⚠ EIP-7702 委托账户：代码执行被委托给 0x1c3630c594effaac3e9aea562ee26a65b171763c。私钥可签名，但交易会经该合约执行，存在资金被控制风险,0000000000000000000000000000000000000000000000000000000000000521,F:\CTF-任务\omniweb\omniweb_scan\admin\umi.71a70a84.js
bsc,0x7ceb3eb751c4c16dd9de1f0bb1b5630e6194e78a,CTF-任务-936,hall_haoyun,2.8e-17,,BNB,2.8e-17,False,True,False,True,0x1c3630c594effaac3e9aea562ee26a65b171763c,⚠ EIP-7702 委托账户：代码执行被委托给 0x1c3630c594effaac3e9aea562ee26a65b171763c。私钥可签名，但交易会经该合约执行，存在资金被控制风险,0000000000000000000000000000000000000000000000000000000000000317,F:\CTF-任务\hall_haoyun\hall_haoyun\apk_extracted\assets\cfg\a\DVDirectory.cfg
bsc,0x81dea83316b87ccaf64f95374a27fc790af5b53f,CTF-任务-535,wj_apk,2.8e-17,,BNB,2.8e-17,False,True,False,True,0x1c3630c594effaac3e9aea562ee26a65b171763c,⚠ EIP-7702 委托账户：代码执行被委托给 0x1c3630c594effaac3e9aea562ee26a65b171763c。私钥可签名，但交易会经该合约执行，存在资金被控制风险,0000000000000000000000000000000000000000000000000000000000000782,F:\CTF-任务\wj_apk\wj_apk\evidence\wallet_records.jsonl
bsc,0x83e658a045a4082526efc8d37072e3a5ff09f1e3,CTF-任务-865,hall_haoyun,3.2e-17,,BNB,3.2e-17,False,True,False,True,0x1c3630c594effaac3e9aea562ee26a65b171763c,⚠ EIP-7702 委托账户：代码执行被委托给 0x1c3630c594effaac3e9aea562ee26a65b171763c。私钥可签名，但交易会经该合约执行，存在资金被控制风险,0000000000000000000000000000000000000000000000000000000000000310,F:\CTF-任务\hall_haoyun\hall_haoyun\apk_extracted\assets\cfg\a\DVDirectory.cfg
bsc,0x7ef53ac1edad90604578148e9633393d4c1dd926,CTF-任务-98,gccfund,2.8e-17,,BNB,2.8e-17,False,True,False,True,0x1c3630c594effaac3e9aea562ee26a65b171763c,⚠ EIP-7702 委托账户：代码执行被委托给 0x1c3630c594effaac3e9aea562ee26a65b171763c。私钥可签名，但交易会经该合约执行，存在资金被控制风险,0000000000000000000000000000000000000000000000000000000000000429,F:\CTF-任务\gccfund\artifacts\gccfund\01-recon\raw\chunks\web-CaeGxNKM.js
bsc,0x54d75e87adad04c91d8fec95dc5724e965b8c571,CTF-任务-220,dapplink代码库,2.8e-17,,BNB,2.8e-17,False,True,False,True,0x1c3630c594effaac3e9aea562ee26a65b171763c,⚠ EIP-7702 委托账户：代码执行被委托给 0x1c3630c594effaac3e9aea562ee26a65b171763c。私钥可签名，但交易会经该合约执行，存在资金被控制风险,0000000000000000000000000000000000000000000000000000000000000820,F:\CTF-任务\dapplink代码库\gh\blockshop_service\static\admin\css\AdminLTE.min.css
bsc,0x8032f42390131985925283a6bbf5746105b3f807,CTF-任务-1924,hall_haoyun,2.8e-17,,BNB,2.8e-17,False,True,False,True,0x1c3630c594effaac3e9aea562ee26a65b171763c,⚠ EIP-7702 委托账户：代码执行被委托给 0x1c3630c594effaac3e9aea562ee26a65b171763c。私钥可签名，但交易会经该合约执行，存在资金被控制风险,0000000000000000000000000000000000000000000000000000000000000956,F:\CTF-任务\hall_haoyun\hall_haoyun\apk_extracted\assets\cfg\a\mode_1\map.sdkrs
bsc,0x8279beb4ca0400a5b96a541f0ae0a702b3bb3e35,CTF-任务-3021,hall_haoyun,2.8e-17,,BNB,2.8e-17,False,True,False,True,0x1c3630c594effaac3e9aea562ee26a65b171763c,⚠ EIP-7702 委托账户：代码执行被委托给 0x1c3630c594effaac3e9aea562ee26a65b171763c。私钥可签名，但交易会经该合约执行，存在资金被控制风险,0000000000000000000000000000000000000000000000000000000000001391,F:\CTF-任务\hall_haoyun\hall_haoyun\apk_extracted\assets\cfg\idrres\ResPackIndoorMap.sdkrs
bsc,0x85357b21611f2f6277392069cf29cb32fef44ed9,CTF-任务-433,wj_apk,2.8e-17,,BNB,2.8e-17,False,True,False,True,0x1c3630c594effaac3e9aea562ee26a65b171763c,⚠ EIP-7702 委托账户：代码执行被委托给 0x1c3630c594effaac3e9aea562ee26a65b171763c。私钥可签名，但交易会经该合约执行，存在资金被控制风险,0000000000000000000000000000000000000000000000000000000000000482,F:\CTF-任务\wj_apk\wj_apk\evidence\wallet_records.jsonl
bsc,0x7ca6ba734232961c233dce9923996655d6da97e8,CTF-任务-1343,hall_haoyun,2.8e-17,,BNB,2.8e-17,False,True,False,True,0x1c3630c594effaac3e9aea562ee26a65b171763c,⚠ EIP-7702 委托账户：代码执行被委托给 0x1c3630c594effaac3e9aea562ee26a65b171763c。私钥可签名，但交易会经该合约执行，存在资金被控制风险,0000000000000000000000000000000000000000000000000000000000000248,F:\CTF-任务\hall_haoyun\hall_haoyun\apk_extracted\assets\cfg\a\DVDirectory.cfg
bsc,0x84ca0d94ae4d08712350ab3d8f43deff7983f9b8,CTF-任务-2693,hall_haoyun,2.8e-17,,BNB,2.8e-17,False,True,False,True,0x1c3630c594effaac3e9aea562ee26a65b171763c,⚠ EIP-7702 委托账户：代码执行被委托给 0x1c3630c594effaac3e9aea562ee26a65b171763c。私钥可签名，但交易会经该合约执行，存在资金被控制风险,0000000000000000000000000000000000000000000000000000000000001215,F:\CTF-任务\hall_haoyun\hall_haoyun\apk_extracted\assets\cfg\a\mode_1\reduct.sdkrs
bsc,0x87c4acc4593674fd6d263539b6eda5a4f63c0560,CTF-任务-171,oraswap,2.8e-17,,BNB,2.8e-17,False,True,False,True,0x8a67b5020ee254ef48e3b6a04927f39baf7e408a,⚠ EIP-7702 委托账户：代码执行被委托给 0x8a67b5020ee254ef48e3b6a04927f39baf7e408a。私钥可签名，但交易会经该合约执行，存在资金被控制风险,0000000000000000000000000000000000000000000000000000000000000413,F:\CTF-任务\oraswap\oraswap\web3.js
bsc,0x85edbb66472c71e0a8a68b266d76e95d152b8f1a,CTF-任务-296,wj_apk,2.8e-17,,BNB,2.8e-17,False,True,False,True,0x1c3630c594effaac3e9aea562ee26a65b171763c,⚠ EIP-7702 委托账户：代码执行被委托给 0x1c3630c594effaac3e9aea562ee26a65b171763c。私钥可签名，但交易会经该合约执行，存在资金被控制风险,0000000000000000000000000000000000000000000000000000000000000398,F:\CTF-任务\wj_apk\wj_apk\evidence\wallet_records.jsonl
bsc,0x4884abe82470adf54f4e19fa39712384c05112be,CTF-任务-245,gccfund,2.8e-17,,BNB,2.8e-17,False,True,False,True,0x8a67b5020ee254ef48e3b6a04927f39baf7e408a,⚠ EIP-7702 委托账户：代码执行被委托给 0x8a67b5020ee254ef48e3b6a04927f39baf7e408a。私钥可签名，但交易会经该合约执行，存在资金被控制风险,0000000000000000000000000000000000000000000000000000000000000420,F:\CTF-任务\gccfund\artifacts\gccfund\cache\bt_6745-9fb42945076d870b.js
bsc,0x874cdaa40758166f2c6fd5d0f00b6fed44955a9f,CTF-任务-702,hall_haoyun,2.8e-17,,BNB,2.8e-17,False,True,False,True,0x1c3630c594effaac3e9aea562ee26a65b171763c,⚠ EIP-7702 委托账户：代码执行被委托给 0x1c3630c594effaac3e9aea562ee26a65b171763c。私钥可签名，但交易会经该合约执行，存在资金被控制风险,0000000000000000000000000000000000000000000000000000000000000215,F:\CTF-任务\hall_haoyun\hall_haoyun\apk_extracted\assets\cfg\a\DVDirectory.cfg
bsc,0x87a725e6eda66ad1fb254ddfb3e0aaccb1e3ad32,CTF-任务-1782,hall_haoyun,2.8e-17,,BNB,2.8e-17,False,True,False,True,0x1c3630c594effaac3e9aea562ee26a65b171763c,⚠ EIP-7702 委托账户：代码执行被委托给 0x1c3630c594effaac3e9aea562ee26a65b171763c。私钥可签名，但交易会经该合约执行，存在资金被控制风险,0000000000000000000000000000000000000000000000000000000000001056,F:\CTF-任务\hall_haoyun\hall_haoyun\apk_extracted\assets\cfg\a\mode_1\map.sdkrs
bsc,0x8a61303fb56d5a834eaa175ec2f6b8a4ecad137e,CTF-任务-3102,hall_haoyun,2.8e-17,,BNB,2.8e-17,False,True,False,True,0x1c3630c594effaac3e9aea562ee26a65b171763c,⚠ EIP-7702 委托账户：代码执行被委托给 0x1c3630c594effaac3e9aea562ee26a65b171763c。私钥可签名，但交易会经该合约执行，存在资金被控制风险,0000000000000000000000000000000000000000000000000000000000001331,F:\CTF-任务\hall_haoyun\hall_haoyun\apk_extracted\assets\cfg\idrres\ResPackIndoorMap.sdkrs
bsc,0x87ee0998f32af3617fcfbe1a745a413238896270,CTF-任务-462,hall_haoyun,4e-18,,BNB,4e-18,False,True,False,True,0x1c3630c594effaac3e9aea562ee26a65b171763c,⚠ EIP-7702 委托账户：代码执行被委托给 0x1c3630c594effaac3e9aea562ee26a65b171763c。私钥可签名，但交易会经该合约执行，存在资金被控制风险,0000000000000000000000000000000000000000000000000000000000000303,F:\CTF-任务\hall_haoyun\hall_haoyun\apk_extracted\assets\cfg\a\DVDirectory.cfg
bsc,0x8a50c218f9a291982a3bc671b5f6dd97da603296,CTF-任务-1158,hall_haoyun,2.8e-17,,BNB,2.8e-17,False,True,False,True,0x1c3630c594effaac3e9aea562ee26a65b171763c,⚠ EIP-7702 委托账户：代码执行被委托给 0x1c3630c594effaac3e9aea562ee26a65b171763c。私钥可签名，但交易会经该合约执行，存在资金被控制风险,0000000000000000000000000000000000000000000000000000000000000353,F:\CTF-任务\hall_haoyun\hall_haoyun\apk_extracted\assets\cfg\a\DVDirectory.cfg
bsc,0x8247cde48c7e7c4f95dff6647b566a533934d224,CTF-任务-173,臻途,2.8e-17,,BNB,2.8e-17,False,True,False,True,0x1c3630c594effaac3e9aea562ee26a65b171763c,⚠ EIP-7702 委托账户：代码执行被委托给 0x1c3630c594effaac3e9aea562ee26a65b171763c。私钥可签名，但交易会经该合约执行，存在资金被控制风险,0000000000000000000000000000000000000000000000000000000000000387,F:\CTF-任务\臻途\artifacts\_待归类收回-20260916\cases-apk_analysis\apk_analysis\bundle_decompiled.js
bsc,0x8896f2a14f223bd0017edc81b90f267551b530c0,CTF-任务-159,pots,2.8e-17,,BNB,2.8e-17,False,True,False,True,0x1c3630c594effaac3e9aea562ee26a65b171763c,⚠ EIP-7702 委托账户：代码执行被委托给 0x1c3630c594effaac3e9aea562ee26a65b171763c。私钥可签名，但交易会经该合约执行，存在资金被控制风险,0000000000000000000000000000000000000000000000000000000000001005,F:\CTF-任务\pots\pots\C-vQTyOc.js
bsc,0x8c36830398659c303e4aedb691af8c526290452a,CTF-任务-365,evccoin,2.8e-17,,BNB,2.8e-17,False,True,False,True,0x1c3630c594effaac3e9aea562ee26a65b171763c,⚠ EIP-7702 委托账户：代码执行被委托给 0x1c3630c594effaac3e9aea562ee26a65b171763c。私钥可签名，但交易会经该合约执行，存在资金被控制风险,00000000000000000000000000000000000000000000000000000000000007d2,F:\CTF-任务\evccoin\artifacts\evccoin\wordlists\rockyou.txt.gz
bsc,0x7f876cec1db8d4241baec796e61c7b5c97eb93a7,CTF-任务-163,臻途,2.8e-17,,BNB,2.8e-17,False,True,False,True,0x8a67b5020ee254ef48e3b6a04927f39baf7e408a,⚠ EIP-7702 委托账户：代码执行被委托给 0x8a67b5020ee254ef48e3b6a04927f39baf7e408a。私钥可签名，但交易会经该合约执行，存在资金被控制风险,0000000000000000000000000000000000000000000000000000000000000486,F:\CTF-任务\臻途\artifacts\_待归类收回-20260916\cases-apk_analysis\apk_analysis\bundle_decompiled.js
bsc,0x8c8dd98521c253f378dd6624cb308a1c84d02f71,CTF-任务-105,lulu,2.8e-17,,BNB,2.8e-17,False,True,False,True,0x1c3630c594effaac3e9aea562ee26a65b171763c,⚠ EIP-7702 委托账户：代码执行被委托给 0x1c3630c594effaac3e9aea562ee26a65b171763c。私钥可签名，但交易会经该合约执行，存在资金被控制风险,0000000000000000000000000000000000000000000000000000000000000757,F:\CTF-任务\lulu\artifacts\lulu\cache\classes.dex
bsc,0x810944ec24940a635f8d10398cdcc535ec95b7a6,CTF-任务-1041,hall_haoyun,2.8e-17,,BNB,2.8e-17,False,True,False,True,0x1c3630c594effaac3e9aea562ee26a65b171763c,⚠ EIP-7702 委托账户：代码执行被委托给 0x1c3630c594effaac3e9aea562ee26a65b171763c。私钥可签名，但交易会经该合约执行，存在资金被控制风险,0000000000000000000000000000000000000000000000000000000000000228,F:\CTF-任务\hall_haoyun\hall_haoyun\apk_extracted\assets\cfg\a\DVDirectory.cfg
bsc,0x8cf501f433e73ec83ee490bb40574c9e0b3efe26,CTF-任务-2700,hall_haoyun,2.8e-17,,BNB,2.8e-17,False,True,False,True,0x1c3630c594effaac3e9aea562ee26a65b171763c,⚠ EIP-7702 委托账户：代码执行被委托给 0x1c3630c594effaac3e9aea562ee26a65b171763c。私钥可签名，但交易会经该合约执行，存在资金被控制风险,0000000000000000000000000000000000000000000000000000000000001420,F:\CTF-任务\hall_haoyun\hall_haoyun\apk_extracted\assets\cfg\a\mode_1\reduct.sdkrs
bsc,0x8b272d3af3a1ca603dd3843b595349e8e1780c69,CTF-任务-70,aixai,2.8e-17,,BNB,2.8e-17,False,True,False,True,0x1c3630c594effaac3e9aea562ee26a65b171763c,⚠ EIP-7702 委托账户：代码执行被委托给 0x1c3630c594effaac3e9aea562ee26a65b171763c。私钥可签名，但交易会经该合约执行，存在资金被控制风险,0000000000000000000000000000000000000000000000000000000000001020,F:\CTF-任务\aixai\aixai\apk_full\assets\public\lottie-json\1rightDH.json
bsc,0x681d1ef5cf0e5d0203271ff5ff6ce2e180a8d028,CTF-任务-564,wj_apk,2.8e-17,,BNB,2.8e-17,False,True,False,True,0x1c3630c594effaac3e9aea562ee26a65b171763c,⚠ EIP-7702 委托账户：代码执行被委托给 0x1c3630c594effaac3e9aea562ee26a65b171763c。私钥可签名，但交易会经该合约执行，存在资金被控制风险,0000000000000000000000000000000000000000000000000000000000000381,F:\CTF-任务\wj_apk\wj_apk\evidence\wallet_records.jsonl
bsc,0x8d28e5e2925be60caa2733a0d90fb0f3fac66f5e,CTF-任务-1788,hall_haoyun,2.8e-17,,BNB,2.8e-17,False,True,False,True,0x1c3630c594effaac3e9aea562ee26a65b171763c,⚠ EIP-7702 委托账户：代码执行被委托给 0x1c3630c594effaac3e9aea562ee26a65b171763c。私钥可签名，但交易会经该合约执行，存在资金被控制风险,0000000000000000000000000000000000000000000000000000000000001044,F:\CTF-任务\hall_haoyun\hall_haoyun\apk_extracted\assets\cfg\a\mode_1\map.sdkrs
bsc,0x8fe7e1c8dacbf8c28b3f71528df6e79cc5d75906,CTF-任务-102,evccoin,2.8e-17,,BNB,2.8e-17,False,True,False,True,0x1c3630c594effaac3e9aea562ee26a65b171763c,⚠ EIP-7702 委托账户：代码执行被委托给 0x1c3630c594effaac3e9aea562ee26a65b171763c。私钥可签名，但交易会经该合约执行，存在资金被控制风险,0000000000000000000000000000000000000000000000000000000000001900,F:\CTF-任务\evccoin\artifacts\evccoin\_real_index.js
bsc,0x8fa3416516ffb652c8ce2848736165e15d87f9dd,CTF-任务-3055,hall_haoyun,2.8e-17,,BNB,2.8e-17,False,True,False,True,0x1c3630c594effaac3e9aea562ee26a65b171763c,⚠ EIP-7702 委托账户：代码执行被委托给 0x1c3630c594effaac3e9aea562ee26a65b171763c。私钥可签名，但交易会经该合约执行，存在资金被控制风险,0000000000000000000000000000000000000000000000000000000000001376,F:\CTF-任务\hall_haoyun\hall_haoyun\apk_extracted\assets\cfg\idrres\ResPackIndoorMap.sdkrs
bsc,0x7c8c7feb05ba8d8dc93c1072d0cec5ea123009d1,CTF-任务-264,wcn,2.8e-17,,BNB,2.8e-17,False,True,False,True,0x1c3630c594effaac3e9aea562ee26a65b171763c,⚠ EIP-7702 委托账户：代码执行被委托给 0x1c3630c594effaac3e9aea562ee26a65b171763c。私钥可签名，但交易会经该合约执行，存在资金被控制风险,0000000000000000000000000000000000000000000000000000000000000618,F:\CTF-任务\wcn\images\wca_img\layer3.tar
bsc,0x8f090523a30ba25bdf59eff42b5a8b9e58395b07,CTF-任务-853,hall_haoyun,2.8e-17,,BNB,2.8e-17,False,True,False,True,0x1c3630c594effaac3e9aea562ee26a65b171763c,⚠ EIP-7702 委托账户：代码执行被委托给 0x1c3630c594effaac3e9aea562ee26a65b171763c。私钥可签名，但交易会经该合约执行，存在资金被控制风险,0000000000000000000000000000000000000000000000000000000000000371,F:\CTF-任务\hall_haoyun\hall_haoyun\apk_extracted\assets\cfg\a\DVDirectory.cfg
bsc,0x8d9a3d7843162a297cf5899ad513154c36bc5006,CTF-任务-164,onchainsage,2.8e-17,,BNB,2.8e-17,False,True,False,True,0x1c3630c594effaac3e9aea562ee26a65b171763c,⚠ EIP-7702 委托账户：代码执行被委托给 0x1c3630c594effaac3e9aea562ee26a65b171763c。私钥可签名，但交易会经该合约执行，存在资金被控制风险,0000000000000000000000000000000000000000000000000000000000000374,F:\CTF-任务\onchainsage\onchainsage\repos\onchainsage\apps\data-processing\data\sentiment_lstm_model.h5
bsc,0x8d695f844e155f43575b398ef7fb8add1e87c7d9,CTF-任务-80,bvs,2.8e-17,,BNB,2.8e-17,False,True,False,True,0x1c3630c594effaac3e9aea562ee26a65b171763c,⚠ EIP-7702 委托账户：代码执行被委托给 0x1c3630c594effaac3e9aea562ee26a65b171763c。私钥可签名，但交易会经该合约执行，存在资金被控制风险,0000000000000000000000000000000000000000000000000000000000000636,F:\CTF-任务\bvs\bvs\bvc_strings.txt
bsc,0x886ce19bb4cb716162a6bfd8aad87ab83c47081e,CTF-任务-541,wj_apk,2.8e-17,,BNB,2.8e-17,False,True,False,True,0x1c3630c594effaac3e9aea562ee26a65b171763c,⚠ EIP-7702 委托账户：代码执行被委托给 0x1c3630c594effaac3e9aea562ee26a65b171763c。私钥可签名，但交易会经该合约执行，存在资金被控制风险,0000000000000000000000000000000000000000000000000000000000001188,F:\CTF-任务\wj_apk\wj_apk\evidence\wallet_records.jsonl
bsc,0x923650ea5285887a5902f43816cb72882a5451a7,CTF-任务-290,lulu,2.8e-17,,BNB,2.8e-17,False,True,False,True,0x1c3630c594effaac3e9aea562ee26a65b171763c,⚠ EIP-7702 委托账户：代码执行被委托给 0x1c3630c594effaac3e9aea562ee26a65b171763c。私钥可签名，但交易会经该合约执行，存在资金被控制风险,0000000000000000000000000000000000000000000000000000000000000be2,F:\CTF-任务\lulu\artifacts\lulu\cache\data.unity3d
bsc,0x944fc9ba95a85b47ca79a147c988df25494566ec,CTF-任务-281,oraswap,2.8e-17,,BNB,2.8e-17,False,True,False,True,0x1c3630c594effaac3e9aea562ee26a65b171763c,⚠ EIP-7702 委托账户：代码执行被委托给 0x1c3630c594effaac3e9aea562ee26a65b171763c。私钥可签名，但交易会经该合约执行，存在资金被控制风险,000000000000000000000000000000000000000000000000000000000000ffff,F:\CTF-任务\oraswap\artifacts\oraswap\oraswap\_imp\impacket\pcapfile.py
bsc,0x96dcebeeffb58ac8ff6aec69822a7c9c4df8880d,CTF-任务-320,臻途,2.8e-17,,BNB,2.8e-17,False,True,False,True,0x8a67b5020ee254ef48e3b6a04927f39baf7e408a,⚠ EIP-7702 委托账户：代码执行被委托给 0x8a67b5020ee254ef48e3b6a04927f39baf7e408a。私钥可签名，但交易会经该合约执行，存在资金被控制风险,0000000000000000000000000000000000000000000000000000000000000428,F:\CTF-任务\臻途\artifacts\_待归类收回-20260916\cases-apk_analysis\apk_analysis\bundle_decompiled.js
bsc,0x90682e55650b3044ae0370a39ff83b9d0fc27506,CTF-任务-289,wj_apk,2.8e-17,,BNB,2.8e-17,False,True,False,True,0x1c3630c594effaac3e9aea562ee26a65b171763c,⚠ EIP-7702 委托账户：代码执行被委托给 0x1c3630c594effaac3e9aea562ee26a65b171763c。私钥可签名，但交易会经该合约执行，存在资金被控制风险,0000000000000000000000000000000000000000000000000000000000000396,F:\CTF-任务\wj_apk\wj_apk\evidence\wallet_records.jsonl
bsc,0x9535828bbbe5436717f44dffd6e2d162be84987c,CTF-任务-126,btg999,2.8e-17,,BNB,2.8e-17,False,True,False,True,0x1c3630c594effaac3e9aea562ee26a65b171763c,⚠ EIP-7702 委托账户：代码执行被委托给 0x1c3630c594effaac3e9aea562ee26a65b171763c。私钥可签名，但交易会经该合约执行，存在资金被控制风险,0000000000000000000000000000000000000000000000000000000000000292,F:\CTF-任务\btg999\artifacts\btg999\02-contract-re\raw\btg_decompiled2.txt
bsc,0x93bdbe2c9f0f5cec59175c51d0a39faee42a4a6e,CTF-任务-1670,hall_haoyun,2.8e-17,,BNB,2.8e-17,False,True,False,True,0x1c3630c594effaac3e9aea562ee26a65b171763c,⚠ EIP-7702 委托账户：代码执行被委托给 0x1c3630c594effaac3e9aea562ee26a65b171763c。私钥可签名，但交易会经该合约执行，存在资金被控制风险,0000000000000000000000000000000000000000000000000000000000000456,F:\CTF-任务\hall_haoyun\hall_haoyun\apk_extracted\assets\cfg\a\DVVersion.cfg
bsc,0x98e57ca396fdabd82af44b90bf7321ccb94b0067,CTF-任务-482,wj_apk,2.8e-17,,BNB,2.8e-17,False,True,False,True,0x1c3630c594effaac3e9aea562ee26a65b171763c,⚠ EIP-7702 委托账户：代码执行被委托给 0x1c3630c594effaac3e9aea562ee26a65b171763c。私钥可签名，但交易会经该合约执行，存在资金被控制风险,0000000000000000000000000000000000000000000000000000000000000557,F:\CTF-任务\wj_apk\wj_apk\evidence\wallet_records.jsonl
bsc,0x934513f52101b208f33edec5812a0e76a697e3e6,CTF-任务-642,nxpro,2.8e-17,,BNB,2.8e-17,False,True,False,True,0x1c3630c594effaac3e9aea562ee26a65b171763c,⚠ EIP-7702 委托账户：代码执行被委托给 0x1c3630c594effaac3e9aea562ee26a65b171763c。私钥可签名，但交易会经该合约执行，存在资金被控制风险,0000000000000000000000000000000000000000000000000000000000000af1,F:\CTF-任务\nxpro\artifacts\nxpro\cache\rockyou.txt.tar.gz
bsc,0x9a5d21a3e147fd80d8c323a5ff0ee250eb11125e,CTF-任务-66,aixai,2.8e-17,,BNB,2.8e-17,False,True,False,True,0x1c3630c594effaac3e9aea562ee26a65b171763c,⚠ EIP-7702 委托账户：代码执行被委托给 0x1c3630c594effaac3e9aea562ee26a65b171763c。私钥可签名，但交易会经该合约执行，存在资金被控制风险,0000000000000000000000000000000000000000000000000000000000000313,F:\CTF-任务\aixai\aixai\apk_full\assets\public\lottie-json\1rightDH.json
bsc,0x9449a9b7dd86513a9d2980a2c44dfbde84cdad00,CTF-任务-2459,hall_haoyun,2.8e-17,,BNB,2.8e-17,False,True,False,True,0x1c3630c594effaac3e9aea562ee26a65b171763c,⚠ EIP-7702 委托账户：代码执行被委托给 0x1c3630c594effaac3e9aea562ee26a65b171763c。私钥可签名，但交易会经该合约执行，存在资金被控制风险,0000000000000000000000000000000000000000000000000000000000001017,F:\CTF-任务\hall_haoyun\hall_haoyun\apk_extracted\assets\cfg\a\mode_1\map.sdkrs
bsc,0x96f5219dc86a75ae389851ae00781543cbd8754d,CTF-任务-254,pjuyr,2.8e-17,,BNB,2.8e-17,False,True,False,True,0x1c3630c594effaac3e9aea562ee26a65b171763c,⚠ EIP-7702 委托账户：代码执行被委托给 0x1c3630c594effaac3e9aea562ee26a65b171763c。私钥可签名，但交易会经该合约执行，存在资金被控制风险,0000000000000000000000000000000000000000000000000000000000002012,F:\CTF-任务\pjuyr\all_assets\pjuyr_all_assets\pjuyr_web\assets\landing-pages__lustyl__static__js__js.js
bsc,0x966f91fca291e85c7d1024ea27f62d28d8fd3fd7,CTF-任务-92,aixai,2.8e-17,,BNB,2.8e-17,False,True,False,True,0x1c3630c594effaac3e9aea562ee26a65b171763c,⚠ EIP-7702 委托账户：代码执行被委托给 0x1c3630c594effaac3e9aea562ee26a65b171763c。私钥可签名，但交易会经该合约执行，存在资金被控制风险,0000000000000000000000000000000000000000000000000000000000000361,F:\CTF-任务\aixai\aixai\apk_full\assets\public\lottie-json\h5-middle-v3.json
bsc,0x9bfb3da3f386d56e9663c7cd610794755b83f28a,CTF-任务-269,gccfund,2.8e-17,,BNB,2.8e-17,False,True,False,True,0x1c3630c594effaac3e9aea562ee26a65b171763c,⚠ EIP-7702 委托账户：代码执行被委托给 0x1c3630c594effaac3e9aea562ee26a65b171763c。私钥可签名，但交易会经该合约执行，存在资金被控制风险,0000000000000000000000000000000000000000000000000000000000001483,F:\CTF-任务\gccfund\artifacts\gccfund\cache\withdrawals_recipients_agg.json
bsc,0x9afa21638a5df43c3119edbd16448d0bc1cee446,CTF-任务-1700,hall_haoyun,2.8e-17,,BNB,2.8e-17,False,True,False,True,0x1c3630c594effaac3e9aea562ee26a65b171763c,⚠ EIP-7702 委托账户：代码执行被委托给 0x1c3630c594effaac3e9aea562ee26a65b171763c。私钥可签名，但交易会经该合约执行，存在资金被控制风险,0000000000000000000000000000000000000000000000000000000000000706,F:\CTF-任务\hall_haoyun\hall_haoyun\apk_extracted\assets\cfg\a\mode_1\map.sdkrs
bsc,0x99cf7c518566e0ff6e549f959eaf67a6c227ae04,CTF-任务-49,dapplink代码库,2.8e-17,,BNB,2.8e-17,False,True,False,True,0x1c3630c594effaac3e9aea562ee26a65b171763c,⚠ EIP-7702 委托账户：代码执行被委托给 0x1c3630c594effaac3e9aea562ee26a65b171763c。私钥可签名，但交易会经该合约执行，存在资金被控制风险,0000000000000000000000000000000000000000000000000000000000000716,F:\CTF-任务\dapplink代码库\gh\blockadmin\common\static\images\error.svg
bsc,0x8bd1e95934412af1ddbb717eef61b47bf6e96bcb,CTF-任务-3227,hall_haoyun,3.2e-17,,BNB,3.2e-17,False,True,False,True,0x1c3630c594effaac3e9aea562ee26a65b171763c,⚠ EIP-7702 委托账户：代码执行被委托给 0x1c3630c594effaac3e9aea562ee26a65b171763c。私钥可签名，但交易会经该合约执行，存在资金被控制风险,0000000000000000000000000000000000000000000000000000000000001424,F:\CTF-任务\hall_haoyun\hall_haoyun\apk_extracted\assets\cfg\idrres\ResPackIndoorMap.sdkrs
bsc,0x9db5751d7f23ea648402f110af7c2ea267990aa0,CTF-任务-5,hall_haoyun,2.8e-17,,BNB,2.8e-17,False,True,False,True,0x1c3630c594effaac3e9aea562ee26a65b171763c,⚠ EIP-7702 委托账户：代码执行被委托给 0x1c3630c594effaac3e9aea562ee26a65b171763c。私钥可签名，但交易会经该合约执行，存在资金被控制风险,0000000000000000000000000000000000000000000000000000000000000588,F:\CTF-任务\hall_haoyun\hall_haoyun\apk_extracted\assets\res\import\09\097e4d005.json
bsc,0x9c4685b7ef78c9f007f1b21f6762b00a347f30eb,CTF-任务-317,臻途,2.8e-17,,BNB,2.8e-17,False,True,False,True,0x1c3630c594effaac3e9aea562ee26a65b171763c,⚠ EIP-7702 委托账户：代码执行被委托给 0x1c3630c594effaac3e9aea562ee26a65b171763c。私钥可签名，但交易会经该合约执行，存在资金被控制风险,0000000000000000000000000000000000000000000000000000000000000559,F:\CTF-任务\臻途\artifacts\_待归类收回-20260916\cases-apk_analysis\apk_analysis\bundle_decompiled.js
bsc,0x9ced1cf5397a779b83b67f962b1b2d6cfc9aa539,CTF-任务-270,gccfund,2.8e-17,,BNB,2.8e-17,False,True,False,True,0x1c3630c594effaac3e9aea562ee26a65b171763c,⚠ EIP-7702 委托账户：代码执行被委托给 0x1c3630c594effaac3e9aea562ee26a65b171763c。私钥可签名，但交易会经该合约执行，存在资金被控制风险,0000000000000000000000000000000000000000000000000000000000001471,F:\CTF-任务\gccfund\artifacts\gccfund\cache\withdrawals_recipients_agg.json
bsc,0x9db78ef366f0ab9a7b1c0e12b4371c8c922d2e16,CTF-任务-1339,hall_haoyun,2.8e-17,,BNB,2.8e-17,False,True,False,True,0x1c3630c594effaac3e9aea562ee26a65b171763c,⚠ EIP-7702 委托账户：代码执行被委托给 0x1c3630c594effaac3e9aea562ee26a65b171763c。私钥可签名，但交易会经该合约执行，存在资金被控制风险,0000000000000000000000000000000000000000000000000000000000000291,F:\CTF-任务\hall_haoyun\hall_haoyun\apk_extracted\assets\cfg\a\DVDirectory.cfg
bsc,0x93a1429e80ff147db00d19b5bc0a789d7ffb12d0,CTF-任务-248,omniweb,2.8e-17,,BNB,2.8e-17,False,True,False,True,0x1c3630c594effaac3e9aea562ee26a65b171763c,⚠ EIP-7702 委托账户：代码执行被委托给 0x1c3630c594effaac3e9aea562ee26a65b171763c。私钥可签名，但交易会经该合约执行，存在资金被控制风险,0000000000000000000000000000000000000000000000000000000000001287,F:\CTF-任务\omniweb\omniweb_scan\admin\umi.71a70a84.js
bsc,0xa108fc69944021455777655f9adbcf795c907eca,CTF-任务-308,gccfund,2.8e-17,,BNB,2.8e-17,False,True,False,True,0x1c3630c594effaac3e9aea562ee26a65b171763c,⚠ EIP-7702 委托账户：代码执行被委托给 0x1c3630c594effaac3e9aea562ee26a65b171763c。私钥可签名，但交易会经该合约执行，存在资金被控制风险,0000000000000000000000000000000000000000000000000000000000000247,F:\CTF-任务\gccfund\artifacts\gccfund\cache\withdrawals_recipients_agg.json
bsc,0xa160cf7d931bb481e3612ef664b69f76ac3e9547,CTF-任务-380,nxpro,2.8e-17,,BNB,2.8e-17,False,True,False,True,0x1c3630c594effaac3e9aea562ee26a65b171763c,⚠ EIP-7702 委托账户：代码执行被委托给 0x1c3630c594effaac3e9aea562ee26a65b171763c。私钥可签名，但交易会经该合约执行，存在资金被控制风险,0000000000000000000000000000000000000000000000000000000000000603,F:\CTF-任务\nxpro\artifacts\nxpro\cache\rockyou.txt.tar.gz
bsc,0x9fbe67e4a55bebc5a91886cf53963d487eba5b6c,CTF-任务-939,hall_haoyun,2.8e-17,,BNB,2.8e-17,False,True,False,True,0x1c3630c594effaac3e9aea562ee26a65b171763c,⚠ EIP-7702 委托账户：代码执行被委托给 0x1c3630c594effaac3e9aea562ee26a65b171763c。私钥可签名，但交易会经该合约执行，存在资金被控制风险,0000000000000000000000000000000000000000000000000000000000000316,F:\CTF-任务\hall_haoyun\hall_haoyun\apk_extracted\assets\cfg\a\DVDirectory.cfg
bsc,0x9effb513062cd378e4865e7f2538acf560d6e455,CTF-任务-229,anxchain,2.8e-17,,BNB,2.8e-17,False,True,False,True,0x1c3630c594effaac3e9aea562ee26a65b171763c,⚠ EIP-7702 委托账户：代码执行被委托给 0x1c3630c594effaac3e9aea562ee26a65b171763c。私钥可签名，但交易会经该合约执行，存在资金被控制风险,0000000000000000000000000000000000000000000000000000000000000277,F:\CTF-任务\anxchain\artifacts\anxchain\03-exploit\data\reinvest_p500.json
bsc,0x88afbb721c1fc5ced804218e0be55872b6e2212d,CTF-任务-3042,hall_haoyun,2.8e-17,,BNB,2.8e-17,False,True,False,True,0x1c3630c594effaac3e9aea562ee26a65b171763c,⚠ EIP-7702 委托账户：代码执行被委托给 0x1c3630c594effaac3e9aea562ee26a65b171763c。私钥可签名，但交易会经该合约执行，存在资金被控制风险,0000000000000000000000000000000000000000000000000000000000001258,F:\CTF-任务\hall_haoyun\hall_haoyun\apk_extracted\assets\cfg\idrres\ResPackIndoorMap.sdkrs
bsc,0x94d9709a1ccd46117d962f244b3511fa75beb80d,CTF-任务-83,wcn,2.8e-17,,BNB,2.8e-17,False,True,False,True,0x1c3630c594effaac3e9aea562ee26a65b171763c,⚠ EIP-7702 委托账户：代码执行被委托给 0x1c3630c594effaac3e9aea562ee26a65b171763c。私钥可签名，但交易会经该合约执行，存在资金被控制风险,0000000000000000000000000000000000000000000000000000000000000406,F:\CTF-任务\wcn\rootfs-extract\wcn_extract\etc\group
bsc,0xa36e735ad19638288370a604a496fcc58c42f3da,CTF-任务-1284,hall_haoyun,2.8e-17,,BNB,2.8e-17,False,True,False,True,0x1c3630c594effaac3e9aea562ee26a65b171763c,⚠ EIP-7702 委托账户：代码执行被委托给 0x1c3630c594effaac3e9aea562ee26a65b171763c。私钥可签名，但交易会经该合约执行，存在资金被控制风险,0000000000000000000000000000000000000000000000000000000000000284,F:\CTF-任务\hall_haoyun\hall_haoyun\apk_extracted\assets\cfg\a\DVDirectory.cfg
bsc,0xa3b2a5279938fb3a98b0e6ef2a601e5ea7c1d60a,CTF-任务-520,evccoin,2.8e-17,,BNB,2.8e-17,False,True,False,True,0x1c3630c594effaac3e9aea562ee26a65b171763c,⚠ EIP-7702 委托账户：代码执行被委托给 0x1c3630c594effaac3e9aea562ee26a65b171763c。私钥可签名，但交易会经该合约执行，存在资金被控制风险,0000000000000000000000000000000000000000000000000000000000000aab,F:\CTF-任务\evccoin\artifacts\evccoin\wordlists\rockyou.txt.gz
bsc,0xa2617dfa0c6f94f5a2a8c782ec6f634edbfc1d9e,CTF-任务-69,aixai,2.8e-17,,BNB,2.8e-17,False,True,False,True,0x1c3630c594effaac3e9aea562ee26a65b171763c,⚠ EIP-7702 委托账户：代码执行被委托给 0x1c3630c594effaac3e9aea562ee26a65b171763c。私钥可签名，但交易会经该合约执行，存在资金被控制风险,0000000000000000000000000000000000000000000000000000000000001415,F:\CTF-任务\aixai\aixai\apk_full\assets\public\lottie-json\1rightDH.json
bsc,0xa6619daff061da4f8ff3cd14ae8def4b688524d1,CTF-任务-161,臻途,2.8e-17,,BNB,2.8e-17,False,True,False,True,0x1c3630c594effaac3e9aea562ee26a65b171763c,⚠ EIP-7702 委托账户：代码执行被委托给 0x1c3630c594effaac3e9aea562ee26a65b171763c。私钥可签名，但交易会经该合约执行，存在资金被控制风险,0000000000000000000000000000000000000000000000000000000000000543,F:\CTF-任务\臻途\artifacts\_待归类收回-20260916\cases-apk_analysis\apk_analysis\bundle_decompiled.js
bsc,0x9c7248767b2e5211483ec585d4bd751a0ea55d87,CTF-任务-1733,hall_haoyun,2.8e-17,,BNB,2.8e-17,False,True,False,True,0x1c3630c594effaac3e9aea562ee26a65b171763c,⚠ EIP-7702 委托账户：代码执行被委托给 0x1c3630c594effaac3e9aea562ee26a65b171763c。私钥可签名，但交易会经该合约执行，存在资金被控制风险,0000000000000000000000000000000000000000000000000000000000000955,F:\CTF-任务\hall_haoyun\hall_haoyun\apk_extracted\assets\cfg\a\mode_1\map.sdkrs
bsc,0xa4779da1bff7e702d969994a8a3d5494db739abb,CTF-任务-17,hall_haoyun,2.8e-17,,BNB,2.8e-17,False,True,False,True,0x1c3630c594effaac3e9aea562ee26a65b171763c,⚠ EIP-7702 委托账户：代码执行被委托给 0x1c3630c594effaac3e9aea562ee26a65b171763c。私钥可签名，但交易会经该合约执行，存在资金被控制风险,0000000000000000000000000000000000000000000000000000000000000570,F:\CTF-任务\hall_haoyun\hall_haoyun\apk_extracted\assets\res\import\0c\0c45c91e1.json
bsc,0xa2f0d750175ac668840ce0af36b442aa9afe33cf,CTF-任务-279,gccfund,2.8e-17,,BNB,2.8e-17,False,True,False,True,0x1c3630c594effaac3e9aea562ee26a65b171763c,⚠ EIP-7702 委托账户：代码执行被委托给 0x1c3630c594effaac3e9aea562ee26a65b171763c。私钥可签名，但交易会经该合约执行，存在资金被控制风险,0000000000000000000000000000000000000000000000000000000000000894,F:\CTF-任务\gccfund\artifacts\gccfund\cache\withdrawals_recipients_agg.json
bsc,0xa82b0cd5d186e955302e63a9272b49112a1b5021,CTF-任务-300,hall_haoyun,2.8e-17,,BNB,2.8e-17,False,True,False,True,0x1c3630c594effaac3e9aea562ee26a65b171763c,⚠ EIP-7702 委托账户：代码执行被委托给 0x1c3630c594effaac3e9aea562ee26a65b171763c。私钥可签名，但交易会经该合约执行，存在资金被控制风险,0000000000000000000000000000000000000000000000000000000000000252,F:\CTF-任务\hall_haoyun\hall_haoyun\apk_extracted\assets\cfg\a\DVDirectory.cfg
bsc,0xa84c917048f3aee68ef2978f53b3e818bb489f3e,CTF-任务-312,gccfund,2.8e-17,,BNB,2.8e-17,False,True,False,True,0x1c3630c594effaac3e9aea562ee26a65b171763c,⚠ EIP-7702 委托账户：代码执行被委托给 0x1c3630c594effaac3e9aea562ee26a65b171763c。私钥可签名，但交易会经该合约执行，存在资金被控制风险,0000000000000000000000000000000000000000000000000000000000000205,F:\CTF-任务\gccfund\artifacts\gccfund\cache\withdrawals_recipients_agg.json
bsc,0xa6c6f67be688fe7dc9c4010548d8c5712b3d72ed,CTF-任务-1150,hall_haoyun,2.8e-17,,BNB,2.8e-17,False,True,False,True,0x1c3630c594effaac3e9aea562ee26a65b171763c,⚠ EIP-7702 委托账户：代码执行被委托给 0x1c3630c594effaac3e9aea562ee26a65b171763c。私钥可签名，但交易会经该合约执行，存在资金被控制风险,0000000000000000000000000000000000000000000000000000000000000372,F:\CTF-任务\hall_haoyun\hall_haoyun\apk_extracted\assets\cfg\a\DVDirectory.cfg
bsc,0xa8a9ce733d5902e635e0c0496ede49f95a876a41,CTF-任务-481,wj_apk,2.8e-17,,BNB,2.8e-17,False,True,False,True,0x1c3630c594effaac3e9aea562ee26a65b171763c,⚠ EIP-7702 委托账户：代码执行被委托给 0x1c3630c594effaac3e9aea562ee26a65b171763c。私钥可签名，但交易会经该合约执行，存在资金被控制风险,0000000000000000000000000000000000000000000000000000000000000478,F:\CTF-任务\wj_apk\wj_apk\evidence\wallet_records.jsonl
bsc,0xa0b2b74d28fd9f31474aec78fb6acc487722d96c,CTF-任务-1516,hall_haoyun,2.8e-17,,BNB,2.8e-17,False,True,False,True,0x1c3630c594effaac3e9aea562ee26a65b171763c,⚠ EIP-7702 委托账户：代码执行被委托给 0x1c3630c594effaac3e9aea562ee26a65b171763c。私钥可签名，但交易会经该合约执行，存在资金被控制风险,0000000000000000000000000000000000000000000000000000000000000334,F:\CTF-任务\hall_haoyun\hall_haoyun\apk_extracted\assets\cfg\a\DVDirectory.cfg
bsc,0xa77c5b17338fe12d922a0ca49a632edd6f385835,CTF-任务-1220,hall_haoyun,2.8e-17,,BNB,2.8e-17,False,True,False,True,0x1c3630c594effaac3e9aea562ee26a65b171763c,⚠ EIP-7702 委托账户：代码执行被委托给 0x1c3630c594effaac3e9aea562ee26a65b171763c。私钥可签名，但交易会经该合约执行，存在资金被控制风险,0000000000000000000000000000000000000000000000000000000000000290,F:\CTF-任务\hall_haoyun\hall_haoyun\apk_extracted\assets\cfg\a\DVDirectory.cfg
bsc,0xa6c576e962f7221102f14d1833b0b4017e4de604,CTF-任务-2485,hall_haoyun,2.8e-17,,BNB,2.8e-17,False,True,False,True,0x1c3630c594effaac3e9aea562ee26a65b171763c,⚠ EIP-7702 委托账户：代码执行被委托给 0x1c3630c594effaac3e9aea562ee26a65b171763c。私钥可签名，但交易会经该合约执行，存在资金被控制风险,0000000000000000000000000000000000000000000000000000000000000627,F:\CTF-任务\hall_haoyun\hall_haoyun\apk_extracted\assets\cfg\a\mode_1\map.sdkrs
bsc,0x96faefd404f9cbd196b494dafdec2a98f76abcc3,CTF-任务-2300,hall_haoyun,2.8e-17,,BNB,2.8e-17,False,True,False,True,0x1c3630c594effaac3e9aea562ee26a65b171763c,⚠ EIP-7702 委托账户：代码执行被委托给 0x1c3630c594effaac3e9aea562ee26a65b171763c。私钥可签名，但交易会经该合约执行，存在资金被控制风险,0000000000000000000000000000000000000000000000000000000000001147,F:\CTF-任务\hall_haoyun\hall_haoyun\apk_extracted\assets\cfg\a\mode_1\map.sdkrs
bsc,0xaccbf0e4436053db7a946d52b3f804dd2e9f2670,CTF-任务-24,dapplink代码库,2.8e-17,,BNB,2.8e-17,False,True,False,True,0x1c3630c594effaac3e9aea562ee26a65b171763c,⚠ EIP-7702 委托账户：代码执行被委托给 0x1c3630c594effaac3e9aea562ee26a65b171763c。私钥可签名，但交易会经该合约执行，存在资金被控制风险,0000000000000000000000000000000000000000000000000000000000000910,F:\CTF-任务\dapplink代码库\gh\nakapay_app\src\icons\svg\time-line.svg
bsc,0xa5cec5e029b482c4ed0d307ced9e33a108d931b3,CTF-任务-173,oraswap,2.8e-17,,BNB,2.8e-17,False,True,False,True,0x1c3630c594effaac3e9aea562ee26a65b171763c,⚠ EIP-7702 委托账户：代码执行被委托给 0x1c3630c594effaac3e9aea562ee26a65b171763c。私钥可签名，但交易会经该合约执行，存在资金被控制风险,0000000000000000000000000000000000000000000000000000000000000415,F:\CTF-任务\oraswap\oraswap\web3.js
bsc,0xa2b7961ecdfc040f1dd226ab27c561ef2cdcc579,CTF-任务-14,dapplink代码库,2.8e-17,,BNB,2.8e-17,False,True,False,True,0x1c3630c594effaac3e9aea562ee26a65b171763c,⚠ EIP-7702 委托账户：代码执行被委托给 0x1c3630c594effaac3e9aea562ee26a65b171763c。私钥可签名，但交易会经该合约执行，存在资金被控制风险,0000000000000000000000000000000000000000000000000000000000001107,F:\CTF-任务\dapplink代码库\gh\nakapay_app\src\icons\svg\comment.svg
bsc,0xb03d165f913e34cd50ee7fca0c35f49567bbb82e,CTF-任务-73,pjuyr,2.8e-17,,BNB,2.8e-17,False,True,False,True,0x1c3630c594effaac3e9aea562ee26a65b171763c,⚠ EIP-7702 委托账户：代码执行被委托给 0x1c3630c594effaac3e9aea562ee26a65b171763c。私钥可签名，但交易会经该合约执行，存在资金被控制风险,0000000000000000000000000000000000000000000000000000000000000491,F:\CTF-任务\pjuyr\all_assets\pjuyr_all_assets\data\visits_full.json
bsc,0xae274f87f0ecec5c9c06be1f08628a5af920e9bf,CTF-任务-1672,hall_haoyun,2.8e-17,,BNB,2.8e-17,False,True,False,True,0x8a67b5020ee254ef48e3b6a04927f39baf7e408a,⚠ EIP-7702 委托账户：代码执行被委托给 0x8a67b5020ee254ef48e3b6a04927f39baf7e408a。私钥可签名，但交易会经该合约执行，存在资金被控制风险,0000000000000000000000000000000000000000000000000000000000000446,F:\CTF-任务\hall_haoyun\hall_haoyun\apk_extracted\assets\cfg\a\mode_1\map.sdkrs
bsc,0xa36bbcd0e0af8f28bb33dba807dd058ac2fa433f,CTF-任务-177,oraswap,2.8e-17,,BNB,2.8e-17,False,True,False,True,0x1c3630c594effaac3e9aea562ee26a65b171763c,⚠ EIP-7702 委托账户：代码执行被委托给 0x1c3630c594effaac3e9aea562ee26a65b171763c。私钥可签名，但交易会经该合约执行，存在资金被控制风险,0000000000000000000000000000000000000000000000000000000000000602,F:\CTF-任务\oraswap\oraswap\web3.js
bsc,0x903eefac497bcd5114363bd0767f9796e3f68505,CTF-任务-3071,hall_haoyun,2.8e-17,,BNB,2.8e-17,False,True,False,True,0x1c3630c594effaac3e9aea562ee26a65b171763c,⚠ EIP-7702 委托账户：代码执行被委托给 0x1c3630c594effaac3e9aea562ee26a65b171763c。私钥可签名，但交易会经该合约执行，存在资金被控制风险,0000000000000000000000000000000000000000000000000000000000001498,F:\CTF-任务\hall_haoyun\hall_haoyun\apk_extracted\assets\cfg\idrres\ResPackIndoorMap.sdkrs
bsc,0xad44a88f0e522604b1be3936d253f19afe0eac48,CTF-任务-272,gccfund,2.8e-17,,BNB,2.8e-17,False,True,False,True,0x1c3630c594effaac3e9aea562ee26a65b171763c,⚠ EIP-7702 委托账户：代码执行被委托给 0x1c3630c594effaac3e9aea562ee26a65b171763c。私钥可签名，但交易会经该合约执行，存在资金被控制风险,0000000000000000000000000000000000000000000000000000000000001362,F:\CTF-任务\gccfund\artifacts\gccfund\cache\withdrawals_recipients_agg.json
bsc,0xaf913fdfd4770431fd72c19bb5623fcd18fe6c06,CTF-任务-1244,hall_haoyun,2.8e-17,,BNB,2.8e-17,False,True,False,True,0x1c3630c594effaac3e9aea562ee26a65b171763c,⚠ EIP-7702 委托账户：代码执行被委托给 0x1c3630c594effaac3e9aea562ee26a65b171763c。私钥可签名，但交易会经该合约执行，存在资金被控制风险,0000000000000000000000000000000000000000000000000000000000000357,F:\CTF-任务\hall_haoyun\hall_haoyun\apk_extracted\assets\cfg\a\DVDirectory.cfg
bsc,0x8a6733d760af57ec8088541c639832a503522465,CTF-任务-195,lulu,2.8e-17,,BNB,2.8e-17,False,True,False,True,0x1c3630c594effaac3e9aea562ee26a65b171763c,⚠ EIP-7702 委托账户：代码执行被委托给 0x1c3630c594effaac3e9aea562ee26a65b171763c。私钥可签名，但交易会经该合约执行，存在资金被控制风险,0000000000000000000000000000000000000000000000000000000000000925,F:\CTF-任务\lulu\artifacts\lulu\cache\data.unity3d
bsc,0xb105ab970f69f8df7b13820c498efe5b03cc452d,CTF-任务-33,hall_haoyun,2.8e-17,,BNB,2.8e-17,False,True,False,True,0x1c3630c594effaac3e9aea562ee26a65b171763c,⚠ EIP-7702 委托账户：代码执行被委托给 0x1c3630c594effaac3e9aea562ee26a65b171763c。私钥可签名，但交易会经该合约执行，存在资金被控制风险,0000000000000000000000000000000000000000000000000000000000000873,F:\CTF-任务\hall_haoyun\hall_haoyun\apk_extracted\assets\res\import\0c\0c45c91e1.json
bsc,0xb163c4da6ff52b3abec09da744b8623868c94e1d,CTF-任务-267,臻途,2.8e-17,,BNB,2.8e-17,False,True,False,True,0x1c3630c594effaac3e9aea562ee26a65b171763c,⚠ EIP-7702 委托账户：代码执行被委托给 0x1c3630c594effaac3e9aea562ee26a65b171763c。私钥可签名，但交易会经该合约执行，存在资金被控制风险,0000000000000000000000000000000000000000000000000000000000000902,F:\CTF-任务\臻途\artifacts\_待归类收回-20260916\cases-apk_analysis\apk_analysis\bundle_decompiled.js
bsc,0xae94a61a8d4f267eee82d72ff330f384f2e302e7,CTF-任务-3474,hall_haoyun,2.8e-17,,BNB,2.8e-17,False,True,False,True,0x1c3630c594effaac3e9aea562ee26a65b171763c,⚠ EIP-7702 委托账户：代码执行被委托给 0x1c3630c594effaac3e9aea562ee26a65b171763c。私钥可签名，但交易会经该合约执行，存在资金被控制风险,0000000000000000000000000000000000000000000000000000000000000bc0,F:\CTF-任务\hall_haoyun\hall_haoyun\apk_extracted\assets\map_assets\style_1_sl_21_1716369317.data
bsc,0xabfb10376722ddd16dcab6fdcdf0f9245a3c8149,CTF-任务-1721,hall_haoyun,2.8e-17,,BNB,2.8e-17,False,True,False,True,0x1c3630c594effaac3e9aea562ee26a65b171763c,⚠ EIP-7702 委托账户：代码执行被委托给 0x1c3630c594effaac3e9aea562ee26a65b171763c。私钥可签名，但交易会经该合约执行，存在资金被控制风险,0000000000000000000000000000000000000000000000000000000000000452,F:\CTF-任务\hall_haoyun\hall_haoyun\apk_extracted\assets\cfg\a\mode_1\map.sdkrs
bsc,0xb0b3a06d7e8396318956dff3250f0aaa971841bc,CTF-任务-1815,hall_haoyun,2.8e-17,,BNB,2.8e-17,False,True,False,True,0x1c3630c594effaac3e9aea562ee26a65b171763c,⚠ EIP-7702 委托账户：代码执行被委托给 0x1c3630c594effaac3e9aea562ee26a65b171763c。私钥可签名，但交易会经该合约执行，存在资金被控制风险,0000000000000000000000000000000000000000000000000000000000000953,F:\CTF-任务\hall_haoyun\hall_haoyun\apk_extracted\assets\cfg\a\mode_1\map.sdkrs
bsc,0xb1bd51ce7e3ae3085bb643b00c9dc500c33c7388,CTF-任务-86,aixai,2.8e-17,,BNB,2.8e-17,False,True,False,True,0x1c3630c594effaac3e9aea562ee26a65b171763c,⚠ EIP-7702 委托账户：代码执行被委托给 0x1c3630c594effaac3e9aea562ee26a65b171763c。私钥可签名，但交易会经该合约执行，存在资金被控制风险,0000000000000000000000000000000000000000000000000000000000000828,F:\CTF-任务\aixai\aixai\apk_full\assets\public\lottie-json\bottom-logo.json
bsc,0xabe234ab2e92f44ed492796e7361f9f82db46b17,CTF-任务-310,evccoin,3.2e-17,,BNB,3.2e-17,False,True,False,True,0x1c3630c594effaac3e9aea562ee26a65b171763c,⚠ EIP-7702 委托账户：代码执行被委托给 0x1c3630c594effaac3e9aea562ee26a65b171763c。私钥可签名，但交易会经该合约执行，存在资金被控制风险,00000000000000000000000000000000000000000000000000000000000009af,F:\CTF-任务\evccoin\artifacts\evccoin\wordlists\rockyou.txt.gz
bsc,0xb2e58984a771a8b15f85577124d6998f93385c91,CTF-任务-2308,hall_haoyun,2.8e-17,,BNB,2.8e-17,False,True,False,True,0x1c3630c594effaac3e9aea562ee26a65b171763c,⚠ EIP-7702 委托账户：代码执行被委托给 0x1c3630c594effaac3e9aea562ee26a65b171763c。私钥可签名，但交易会经该合约执行，存在资金被控制风险,0000000000000000000000000000000000000000000000000000000000001144,F:\CTF-任务\hall_haoyun\hall_haoyun\apk_extracted\assets\cfg\a\mode_1\map.sdkrs
bsc,0xb3eef45a6a64debe4e507bb2f6b2c502378f9d3a,CTF-任务-238,arig-aster,2.8e-17,,BNB,2.8e-17,False,True,False,True,0x1c3630c594effaac3e9aea562ee26a65b171763c,⚠ EIP-7702 委托账户：代码执行被委托给 0x1c3630c594effaac3e9aea562ee26a65b171763c。私钥可签名，但交易会经该合约执行，存在资金被控制风险,0000000000000000000000000000000000000000000000000000000000000430,F:\CTF-任务\arig-aster\artifacts\arig-aster\02-web\passive\us_result.html
bsc,0xb3ef70f39c555ce0bf9f3382b8b90b3d860ce095,CTF-任务-236,wcn,2.8e-17,,BNB,2.8e-17,False,True,False,True,0x1c3630c594effaac3e9aea562ee26a65b171763c,⚠ EIP-7702 委托账户：代码执行被委托给 0x1c3630c594effaac3e9aea562ee26a65b171763c。私钥可签名，但交易会经该合约执行，存在资金被控制风险,0000000000000000000000000000000000000000000000000000000000000598,F:\CTF-任务\wcn\rootfs-extract\wcn_extract\etc\wallet-chain-node\go.sum
bsc,0xb4a00f35105c4f5f88804fa0291d4f0df1453a36,CTF-任务-314,wj_apk,2.8e-17,,BNB,2.8e-17,False,True,False,True,0x1c3630c594effaac3e9aea562ee26a65b171763c,⚠ EIP-7702 委托账户：代码执行被委托给 0x1c3630c594effaac3e9aea562ee26a65b171763c。私钥可签名，但交易会经该合约执行，存在资金被控制风险,0000000000000000000000000000000000000000000000000000000000000449,F:\CTF-任务\wj_apk\wj_apk\evidence\wallet_records.jsonl
bsc,0xb2d359bc3cd5a761b6b615a307f4c48055a88916,CTF-任务-432,evccoin,2.8e-17,,BNB,2.8e-17,False,True,False,True,0x8a67b5020ee254ef48e3b6a04927f39baf7e408a,⚠ EIP-7702 委托账户：代码执行被委托给 0x8a67b5020ee254ef48e3b6a04927f39baf7e408a。私钥可签名，但交易会经该合约执行，存在资金被控制风险,0000000000000000000000000000000000000000000000000000000000000330,F:\CTF-任务\evccoin\artifacts\evccoin\wordlists\rockyou.txt.gz
bsc,0xb38e9ae90849fd45e8f7639fd1304414e2e49151,CTF-任务-413,wj_apk,2.8e-17,,BNB,2.8e-17,False,True,False,True,0x1c3630c594effaac3e9aea562ee26a65b171763c,⚠ EIP-7702 委托账户：代码执行被委托给 0x1c3630c594effaac3e9aea562ee26a65b171763c。私钥可签名，但交易会经该合约执行，存在资金被控制风险,0000000000000000000000000000000000000000000000000000000000000881,F:\CTF-任务\wj_apk\wj_apk\evidence\wallet_records.jsonl
bsc,0xb560174a6c1a3dda3cc08a64d96adba7819cbd64,CTF-任务-2091,hall_haoyun,2.8e-17,,BNB,2.8e-17,False,True,False,True,0x1c3630c594effaac3e9aea562ee26a65b171763c,⚠ EIP-7702 委托账户：代码执行被委托给 0x1c3630c594effaac3e9aea562ee26a65b171763c。私钥可签名，但交易会经该合约执行，存在资金被控制风险,0000000000000000000000000000000000000000000000000000000000000656,F:\CTF-任务\hall_haoyun\hall_haoyun\apk_extracted\assets\cfg\a\mode_1\map.sdkrs
bsc,0xb72f0ea44fc52d4f50678dbab12ae38b3769bc21,CTF-任务-281,臻途,2.8e-17,,BNB,2.8e-17,False,True,False,True,0x8a67b5020ee254ef48e3b6a04927f39baf7e408a,⚠ EIP-7702 委托账户：代码执行被委托给 0x8a67b5020ee254ef48e3b6a04927f39baf7e408a。私钥可签名，但交易会经该合约执行，存在资金被控制风险,0000000000000000000000000000000000000000000000000000000000000695,F:\CTF-任务\臻途\artifacts\_待归类收回-20260916\cases-apk_analysis\apk_analysis\bundle_decompiled.js
bsc,0xb6ab6eeb252e2dd485a82a264ce2b26d0711d53c,CTF-任务-1780,hall_haoyun,2.8e-17,,BNB,2.8e-17,False,True,False,True,0x1c3630c594effaac3e9aea562ee26a65b171763c,⚠ EIP-7702 委托账户：代码执行被委托给 0x1c3630c594effaac3e9aea562ee26a65b171763c。私钥可签名，但交易会经该合约执行，存在资金被控制风险,0000000000000000000000000000000000000000000000000000000000001052,F:\CTF-任务\hall_haoyun\hall_haoyun\apk_extracted\assets\cfg\a\mode_1\map.sdkrs
bsc,0xadc20ebcc18893e81e426cc749e9db02db72ba9b,CTF-任务-288,gccfund,2.8e-17,,BNB,2.8e-17,False,True,False,True,0x1c3630c594effaac3e9aea562ee26a65b171763c,⚠ EIP-7702 委托账户：代码执行被委托给 0x1c3630c594effaac3e9aea562ee26a65b171763c。私钥可签名，但交易会经该合约执行，存在资金被控制风险,0000000000000000000000000000000000000000000000000000000000000531,F:\CTF-任务\gccfund\artifacts\gccfund\cache\withdrawals_recipients_agg.json
bsc,0xb481f4c3ec995d9c550b7e41baaae95fee4591b1,CTF-任务-3329,hall_haoyun,2.8e-17,,BNB,2.8e-17,False,True,False,True,0x1c3630c594effaac3e9aea562ee26a65b171763c,⚠ EIP-7702 委托账户：代码执行被委托给 0x1c3630c594effaac3e9aea562ee26a65b171763c。私钥可签名，但交易会经该合约执行，存在资金被控制风险,0000000000000000000000000000000000000000000000000000000000001463,F:\CTF-任务\hall_haoyun\hall_haoyun\apk_extracted\assets\cfg\idrres\ResPackIndoorMap.sdkrs
bsc,0xb25f0f30a7496a7f4f70167b3cf4ffadfc2e6897,CTF-任务-115,btg999,4e-18,,BNB,4e-18,False,True,False,True,0x1c3630c594effaac3e9aea562ee26a65b171763c,⚠ EIP-7702 委托账户：代码执行被委托给 0x1c3630c594effaac3e9aea562ee26a65b171763c。私钥可签名，但交易会经该合约执行，存在资金被控制风险,0000000000000000000000000000000000000000000000000000000000000eee,F:\CTF-任务\btg999\artifacts\btg999\01-recon\raw\web3-libs.hG5ldMJJ.js
bsc,0xb2aaeab0a8b7d9fc9dd32b71ba3ba891dfd391a5,CTF-任务-408,wcn,2.8e-17,,BNB,2.8e-17,False,True,False,True,0x1c3630c594effaac3e9aea562ee26a65b171763c,⚠ EIP-7702 委托账户：代码执行被委托给 0x1c3630c594effaac3e9aea562ee26a65b171763c。私钥可签名，但交易会经该合约执行，存在资金被控制风险,0000000000000000000000000000000000000000000000000000000000000661,F:\CTF-任务\wcn\rootfs-extract\wcn_extract\etc\wallet-chain-node\wallet-chain-node
bsc,0xb81b2d19cdc498c4e135c40fb20b2519bac20da2,CTF-任务-295,pots,2.8e-17,,BNB,2.8e-17,False,True,False,True,0x1c3630c594effaac3e9aea562ee26a65b171763c,⚠ EIP-7702 委托账户：代码执行被委托给 0x1c3630c594effaac3e9aea562ee26a65b171763c。私钥可签名，但交易会经该合约执行，存在资金被控制风险,0000000000000000000000000000000000000000000000000000000000000518,F:\CTF-任务\pots\pots\landing.js
bsc,0xab8f6915e59d6d1386552cd291614e337d3b259f,CTF-任务-282,wcn,2.8e-17,,BNB,2.8e-17,False,True,False,True,0x1c3630c594effaac3e9aea562ee26a65b171763c,⚠ EIP-7702 委托账户：代码执行被委托给 0x1c3630c594effaac3e9aea562ee26a65b171763c。私钥可签名，但交易会经该合约执行，存在资金被控制风险,0000000000000000000000000000000000000000000000000000000000000fed,F:\CTF-任务\wcn\images\wca_img\layer3.tar
bsc,0xb7e3d59359494a0bed51edfe4a00a15ccede5709,CTF-任务-2323,hall_haoyun,2.8e-17,,BNB,2.8e-17,False,True,False,True,0x1c3630c594effaac3e9aea562ee26a65b171763c,⚠ EIP-7702 委托账户：代码执行被委托给 0x1c3630c594effaac3e9aea562ee26a65b171763c。私钥可签名，但交易会经该合约执行，存在资金被控制风险,0000000000000000000000000000000000000000000000000000000000001138,F:\CTF-任务\hall_haoyun\hall_haoyun\apk_extracted\assets\cfg\a\mode_1\map.sdkrs
bsc,0xbd92ce769718a8bd35fea068c404a0ed21dbad68,CTF-任务-19,hall_haoyun,4e-18,,BNB,4e-18,False,True,False,True,0x1c3630c594effaac3e9aea562ee26a65b171763c,⚠ EIP-7702 委托账户：代码执行被委托给 0x1c3630c594effaac3e9aea562ee26a65b171763c。私钥可签名，但交易会经该合约执行，存在资金被控制风险,0000000000000000000000000000000000000000000000000000000000000504,F:\CTF-任务\hall_haoyun\hall_haoyun\apk_extracted\assets\res\import\0c\0c45c91e1.json
bsc,0xbb01731a5e6393d7c60033d744ae0e9ce2e78139,CTF-任务-1288,hall_haoyun,2.8e-17,,BNB,2.8e-17,False,True,False,True,0x1c3630c594effaac3e9aea562ee26a65b171763c,⚠ EIP-7702 委托账户：代码执行被委托给 0x1c3630c594effaac3e9aea562ee26a65b171763c。私钥可签名，但交易会经该合约执行，存在资金被控制风险,0000000000000000000000000000000000000000000000000000000000000231,F:\CTF-任务\hall_haoyun\hall_haoyun\apk_extracted\assets\cfg\a\DVDirectory.cfg
bsc,0xbc36fad91a2b1b98775ebb6acc550031d94b5ff0,CTF-任务-156,bvs,2.8e-17,,BNB,2.8e-17,False,True,False,True,0x1c3630c594effaac3e9aea562ee26a65b171763c,⚠ EIP-7702 委托账户：代码执行被委托给 0x1c3630c594effaac3e9aea562ee26a65b171763c。私钥可签名，但交易会经该合约执行，存在资金被控制风险,0000000000000000000000000000000000000000000000000000000000000904,F:\CTF-任务\bvs\bvs\admin_assets\app.js
bsc,0xbf3ae718410b3b1eaaad9c3ce6085c8b517a9df0,CTF-任务-2957,hall_haoyun,4e-18,,BNB,4e-18,False,True,False,True,0x1c3630c594effaac3e9aea562ee26a65b171763c,⚠ EIP-7702 委托账户：代码执行被委托给 0x1c3630c594effaac3e9aea562ee26a65b171763c。私钥可签名，但交易会经该合约执行，存在资金被控制风险,0000000000000000000000000000000000000000000000000000000000001238,F:\CTF-任务\hall_haoyun\hall_haoyun\apk_extracted\assets\cfg\idrres\ResPackIndoorMap.sdkrs
bsc,0xbd7930ad3a8b01b4a48efda7cbc21d620920b654,CTF-任务-99,evccoin,2.8e-17,,BNB,2.8e-17,False,True,False,True,0x1c3630c594effaac3e9aea562ee26a65b171763c,⚠ EIP-7702 委托账户：代码执行被委托给 0x1c3630c594effaac3e9aea562ee26a65b171763c。私钥可签名，但交易会经该合约执行，存在资金被控制风险,0000000000000000000000000000000000000000000000000000000000000930,F:\CTF-任务\evccoin\artifacts\evccoin\wordlists\rockyou.txt.gz
bsc,0xb9db0570f5da8fe0cb9c6a6cb5033b24b28ad7ae,CTF-任务-277,臻途,2.8e-17,,BNB,2.8e-17,False,True,False,True,0x1c3630c594effaac3e9aea562ee26a65b171763c,⚠ EIP-7702 委托账户：代码执行被委托给 0x1c3630c594effaac3e9aea562ee26a65b171763c。私钥可签名，但交易会经该合约执行，存在资金被控制风险,0000000000000000000000000000000000000000000000000000000000000995,F:\CTF-任务\臻途\artifacts\_待归类收回-20260916\cases-apk_analysis\apk_analysis\bundle_decompiled.js
bsc,0xc2bd92b7213b0afe042922cc1772d984712eccec,CTF-任务-262,antfun,0.00430969931362975,,BNB,0.00430969931362975,True,True,False,True,0xcc0c946eecf01a4bc76bc333ea74ceb04756f17b,⚠ EIP-7702 委托账户：代码执行被委托给 0xcc0c946eecf01a4bc76bc333ea74ceb04756f17b。私钥可签名，但交易会经该合约执行，存在资金被控制风险,c1e77f78275c9796d8caf2146bdc7c53c960367c31e7830966cfc568850e7345,F:\CTF-任务\antfun\artifacts\antfun\03-exploit\ora_partial.db
bsc,0xbdf75a1cdf0a3fc4618f3529902a340db6837160,CTF-任务-356,evccoin,2.8e-17,,BNB,2.8e-17,False,True,False,True,0x1c3630c594effaac3e9aea562ee26a65b171763c,⚠ EIP-7702 委托账户：代码执行被委托给 0x1c3630c594effaac3e9aea562ee26a65b171763c。私钥可签名，但交易会经该合约执行，存在资金被控制风险,0000000000000000000000000000000000000000000000000000000000000367,F:\CTF-任务\evccoin\artifacts\evccoin\wordlists\rockyou.txt.gz
bsc,0xb4c0cf22cbd2cd0d7cae59a8455e18226d248686,CTF-任务-228,anxchain,2.8e-17,,BNB,2.8e-17,False,True,False,True,0x1c3630c594effaac3e9aea562ee26a65b171763c,⚠ EIP-7702 委托账户：代码执行被委托给 0x1c3630c594effaac3e9aea562ee26a65b171763c。私钥可签名，但交易会经该合约执行，存在资金被控制风险,0000000000000000000000000000000000000000000000000000000000000370,F:\CTF-任务\anxchain\artifacts\anxchain\03-exploit\data\reinvest_p500.json
bsc,0xc2107079a2df58df7208b6968044b7fa2b62227a,CTF-任务-361,wj_apk,2.8e-17,,BNB,2.8e-17,False,True,False,True,0x1c3630c594effaac3e9aea562ee26a65b171763c,⚠ EIP-7702 委托账户：代码执行被委托给 0x1c3630c594effaac3e9aea562ee26a65b171763c。私钥可签名，但交易会经该合约执行，存在资金被控制风险,0000000000000000000000000000000000000000000000000000000000000417,F:\CTF-任务\wj_apk\wj_apk\evidence\wallet_records.jsonl
bsc,0xbd0e318969dbb10e75f49fbaa5b375d066b306e5,CTF-任务-2316,hall_haoyun,2.8e-17,,BNB,2.8e-17,False,True,False,True,0x1c3630c594effaac3e9aea562ee26a65b171763c,⚠ EIP-7702 委托账户：代码执行被委托给 0x1c3630c594effaac3e9aea562ee26a65b171763c。私钥可签名，但交易会经该合约执行，存在资金被控制风险,0000000000000000000000000000000000000000000000000000000000000437,F:\CTF-任务\hall_haoyun\hall_haoyun\apk_extracted\assets\cfg\a\mode_1\map.sdkrs
bsc,0xb99c77de27e36685f776f32543042db2fa66c65a,CTF-任务-95,gccfund,2.8e-17,,BNB,2.8e-17,False,True,False,True,0x1c3630c594effaac3e9aea562ee26a65b171763c,⚠ EIP-7702 委托账户：代码执行被委托给 0x1c3630c594effaac3e9aea562ee26a65b171763c。私钥可签名，但交易会经该合约执行，存在资金被控制风险,0000000000000000000000000000000000000000000000000000000000000408,F:\CTF-任务\gccfund\artifacts\gccfund\01-recon\raw\chunks\web-CaeGxNKM.js
bsc,0xc67fa59e1884e0a8b333f144be1ce51beb5897b1,CTF-任务-83,atxok,2.8e-17,,BNB,2.8e-17,False,True,False,True,0x1c3630c594effaac3e9aea562ee26a65b171763c,⚠ EIP-7702 委托账户：代码执行被委托给 0x1c3630c594effaac3e9aea562ee26a65b171763c。私钥可签名，但交易会经该合约执行，存在资金被控制风险,0000000000000000000000000000000000000000000000000000000000001200,F:\CTF-任务\atxok\out\www\index-Dp5_lbYu.js
bsc,0xc460a383f22e61f8912fd8898c44592480db6a13,CTF-任务-150,bvs,2.8e-17,,BNB,2.8e-17,False,True,False,True,0x1c3630c594effaac3e9aea562ee26a65b171763c,⚠ EIP-7702 委托账户：代码执行被委托给 0x1c3630c594effaac3e9aea562ee26a65b171763c。私钥可签名，但交易会经该合约执行，存在资金被控制风险,0000000000000000000000000000000000000000000000000000000000001254,F:\CTF-任务\bvs\bvs\admin_assets\app.js
bsc,0xc25c206386e330bdf8e21226b0c5f3cde9287616,CTF-任务-354,hall_haoyun,2.8e-17,,BNB,2.8e-17,False,True,False,True,0x1c3630c594effaac3e9aea562ee26a65b171763c,⚠ EIP-7702 委托账户：代码执行被委托给 0x1c3630c594effaac3e9aea562ee26a65b171763c。私钥可签名，但交易会经该合约执行，存在资金被控制风险,0000000000000000000000000000000000000000000000000000000000000254,F:\CTF-任务\hall_haoyun\hall_haoyun\apk_extracted\assets\cfg\a\DVDirectory.cfg
bsc,0xc2cbe2ea086c6969d4eb2ac5747f7729a307e068,CTF-任务-40,aixai,2.8e-17,,BNB,2.8e-17,False,True,False,True,0x1c3630c594effaac3e9aea562ee26a65b171763c,⚠ EIP-7702 委托账户：代码执行被委托给 0x1c3630c594effaac3e9aea562ee26a65b171763c。私钥可签名，但交易会经该合约执行，存在资金被控制风险,0000000000000000000000000000000000000000000000000000000000001440,F:\CTF-任务\aixai\aixai\apk_full\assets\public\charting_library\bundles\library.ed30e653462ab0610aff.js
bsc,0xb371cc464cc56247a578a66b98c1c9e830dcb2e7,CTF-任务-1813,hall_haoyun,2.8e-17,,BNB,2.8e-17,False,True,False,True,0x1c3630c594effaac3e9aea562ee26a65b171763c,⚠ EIP-7702 委托账户：代码执行被委托给 0x1c3630c594effaac3e9aea562ee26a65b171763c。私钥可签名，但交易会经该合约执行，存在资金被控制风险,0000000000000000000000000000000000000000000000000000000000000957,F:\CTF-任务\hall_haoyun\hall_haoyun\apk_extracted\assets\cfg\a\mode_1\map.sdkrs
bsc,0xc8e7294b68316fbfa1955fcd10bb849f5c4c512d,CTF-任务-340,rda2035,2.8e-17,,BNB,2.8e-17,False,True,False,True,0x1c3630c594effaac3e9aea562ee26a65b171763c,⚠ EIP-7702 委托账户：代码执行被委托给 0x1c3630c594effaac3e9aea562ee26a65b171763c。私钥可签名，但交易会经该合约执行，存在资金被控制风险,0000000000000000000000000000000000000000000000000000000000001734,F:\CTF-任务\rda2035\artifacts\rda2035\01-recon\raw\shopadmin_app.js
bsc,0xcb8ce729e946565622c067592aed59b7b3c1f9df,CTF-任务-1910,hall_haoyun,2.8e-17,,BNB,2.8e-17,False,True,False,True,0x1c3630c594effaac3e9aea562ee26a65b171763c,⚠ EIP-7702 委托账户：代码执行被委托给 0x1c3630c594effaac3e9aea562ee26a65b171763c。私钥可签名，但交易会经该合约执行，存在资金被控制风险,0000000000000000000000000000000000000000000000000000000000000970,F:\CTF-任务\hall_haoyun\hall_haoyun\apk_extracted\assets\cfg\a\mode_1\map.sdkrs
bsc,0xc9471cf742d5f5fcdfabbaacf21228f5361a103a,CTF-任务-19,aixai,2.8e-17,,BNB,2.8e-17,False,True,False,True,0x1c3630c594effaac3e9aea562ee26a65b171763c,⚠ EIP-7702 委托账户：代码执行被委托给 0x1c3630c594effaac3e9aea562ee26a65b171763c。私钥可签名，但交易会经该合约执行，存在资金被控制风险,0000000000000000000000000000000000000000000000000000000000000620,F:\CTF-任务\aixai\aixai\apk_full\assets\public\assets\ShardHunterRoute-BpU1zOhw.js
bsc,0xc8450122c7629e4870bae26713cf80b164be6fcc,CTF-任务-1803,hall_haoyun,2.8e-17,,BNB,2.8e-17,False,True,False,True,0x1c3630c594effaac3e9aea562ee26a65b171763c,⚠ EIP-7702 委托账户：代码执行被委托给 0x1c3630c594effaac3e9aea562ee26a65b171763c。私钥可签名，但交易会经该合约执行，存在资金被控制风险,0000000000000000000000000000000000000000000000000000000000000821,F:\CTF-任务\hall_haoyun\hall_haoyun\apk_extracted\assets\cfg\a\mode_1\map.sdkrs
bsc,0xc81d4ed8a570c012eb350c0983b27e1e8b1b4895,CTF-任务-30,dapplink代码库,2.8e-17,,BNB,2.8e-17,False,True,False,True,0x1c3630c594effaac3e9aea562ee26a65b171763c,⚠ EIP-7702 委托账户：代码执行被委托给 0x1c3630c594effaac3e9aea562ee26a65b171763c。私钥可签名，但交易会经该合约执行，存在资金被控制风险,0000000000000000000000000000000000000000000000000000000000000916,F:\CTF-任务\dapplink代码库\gh\nakapay_app\src\icons\svg\time-line.svg
bsc,0xcc12549ddd333e41ff1502340ae16ef3abfdce4d,CTF-任务-306,pots,2.8e-17,,BNB,2.8e-17,False,True,False,True,0x1c3630c594effaac3e9aea562ee26a65b171763c,⚠ EIP-7702 委托账户：代码执行被委托给 0x1c3630c594effaac3e9aea562ee26a65b171763c。私钥可签名，但交易会经该合约执行，存在资金被控制风险,0000000000000000000000000000000000000000000000000000000000000aca,F:\CTF-任务\pots\pots\YJGB7ZaC.js
bsc,0xcbafef3921745e61c4bc148bd2f45ea1c0715814,CTF-任务-90,wcn,2.8e-17,,BNB,2.8e-17,False,True,False,True,0x1c3630c594effaac3e9aea562ee26a65b171763c,⚠ EIP-7702 委托账户：代码执行被委托给 0x1c3630c594effaac3e9aea562ee26a65b171763c。私钥可签名，但交易会经该合约执行，存在资金被控制风险,0000000000000000000000000000000000000000000000000000000000000a6b,F:\CTF-任务\wcn\rootfs-extract\wcn_extract\etc\wallet-chain-node\go.sum
bsc,0xc42782a0feb451f453699e5cb2a216a4d4a2c6fc,CTF-任务-1735,hall_haoyun,2.8e-17,,BNB,2.8e-17,False,True,False,True,0x1c3630c594effaac3e9aea562ee26a65b171763c,⚠ EIP-7702 委托账户：代码执行被委托给 0x1c3630c594effaac3e9aea562ee26a65b171763c。私钥可签名，但交易会经该合约执行，存在资金被控制风险,0000000000000000000000000000000000000000000000000000000000000996,F:\CTF-任务\hall_haoyun\hall_haoyun\apk_extracted\assets\cfg\a\mode_1\map.sdkrs
bsc,0xc75f02bb0359669461aa3cfe40de63790b24ae04,CTF-任务-14,aixai,2.8e-17,,BNB,2.8e-17,False,True,False,True,0x1c3630c594effaac3e9aea562ee26a65b171763c,⚠ EIP-7702 委托账户：代码执行被委托给 0x1c3630c594effaac3e9aea562ee26a65b171763c。私钥可签名，但交易会经该合约执行，存在资金被控制风险,0000000000000000000000000000000000000000000000000000000000000840,F:\CTF-任务\aixai\aixai\apk_full\assets\public\lottie-json\PC2hcX1.json
bsc,0xcddd9fd5916e4dfbc41fdc34ff0edfb3358e9f95,CTF-任务-173,dapplink代码库,2.8e-17,,BNB,2.8e-17,False,True,False,True,0x1c3630c594effaac3e9aea562ee26a65b171763c,⚠ EIP-7702 委托账户：代码执行被委托给 0x1c3630c594effaac3e9aea562ee26a65b171763c。私钥可签名，但交易会经该合约执行，存在资金被控制风险,0000000000000000000000000000000000000000000000000000000000000599,F:\CTF-任务\dapplink代码库\gh\blockshop_service\blockshop
bsc,0xcf2f74f725a7dddd0093e2ec6e9151bd5ddf189a,CTF-任务-3418,hall_haoyun,2.8e-17,,BNB,2.8e-17,False,True,False,True,0x1c3630c594effaac3e9aea562ee26a65b171763c,⚠ EIP-7702 委托账户：代码执行被委托给 0x1c3630c594effaac3e9aea562ee26a65b171763c。私钥可签名，但交易会经该合约执行，存在资金被控制风险,0000000000000000000000000000000000000000000000000000000000001423,F:\CTF-任务\hall_haoyun\hall_haoyun\apk_extracted\assets\cfg\idrres\ResPackIndoorMap.sdkrs
bsc,0xcca1a81c1add2f97fcfcd7dd0b4e0a541f8f8a59,CTF-任务-3352,hall_haoyun,3.2e-17,,BNB,3.2e-17,False,True,False,True,0x1c3630c594effaac3e9aea562ee26a65b171763c,⚠ EIP-7702 委托账户：代码执行被委托给 0x1c3630c594effaac3e9aea562ee26a65b171763c。私钥可签名，但交易会经该合约执行，存在资金被控制风险,0000000000000000000000000000000000000000000000000000000000001457,F:\CTF-任务\hall_haoyun\hall_haoyun\apk_extracted\assets\cfg\idrres\ResPackIndoorMap.sdkrs
bsc,0xc59b82f5b4eeb5c399b8c369b6bad9cc87428520,CTF-任务-1705,hall_haoyun,2.8e-17,,BNB,2.8e-17,False,True,False,True,0x1c3630c594effaac3e9aea562ee26a65b171763c,⚠ EIP-7702 委托账户：代码执行被委托给 0x1c3630c594effaac3e9aea562ee26a65b171763c。私钥可签名，但交易会经该合约执行，存在资金被控制风险,0000000000000000000000000000000000000000000000000000000000000626,F:\CTF-任务\hall_haoyun\hall_haoyun\apk_extracted\assets\cfg\a\mode_1\map.sdkrs
bsc,0xcc7ef4957b0816607ebce0a00fa5861acf95e463,CTF-任务-530,hall_haoyun,4e-18,,BNB,4e-18,False,True,False,True,0x8a67b5020ee254ef48e3b6a04927f39baf7e408a,⚠ EIP-7702 委托账户：代码执行被委托给 0x8a67b5020ee254ef48e3b6a04927f39baf7e408a。私钥可签名，但交易会经该合约执行，存在资金被控制风险,0000000000000000000000000000000000000000000000000000000000000260,F:\CTF-任务\hall_haoyun\hall_haoyun\apk_extracted\assets\cfg\a\DVDirectory.cfg
bsc,0xce7eaa325a84a7e5c28174582c041d93863e2031,CTF-任务-325,nxpro,2.8e-17,,BNB,2.8e-17,False,True,False,True,0x1c3630c594effaac3e9aea562ee26a65b171763c,⚠ EIP-7702 委托账户：代码执行被委托给 0x1c3630c594effaac3e9aea562ee26a65b171763c。私钥可签名，但交易会经该合约执行，存在资金被控制风险,0000000000000000000000000000000000000000000000000000000000000624,F:\CTF-任务\nxpro\artifacts\nxpro\cache\rockyou.txt.tar.gz
bsc,0xce95f6f5fff53e403718ec588f9bbe5ae2d49206,CTF-任务-644,hall_haoyun,2.8e-17,,BNB,2.8e-17,False,True,False,True,0x1c3630c594effaac3e9aea562ee26a65b171763c,⚠ EIP-7702 委托账户：代码执行被委托给 0x1c3630c594effaac3e9aea562ee26a65b171763c。私钥可签名，但交易会经该合约执行，存在资金被控制风险,0000000000000000000000000000000000000000000000000000000000000264,F:\CTF-任务\hall_haoyun\hall_haoyun\apk_extracted\assets\cfg\a\DVDirectory.cfg
bsc,0xcfdc1d19cc9dd64e349c8c80b4f98243c1e3561b,CTF-任务-8,wj_apk,2.8e-17,,BNB,2.8e-17,False,True,False,True,0x1c3630c594effaac3e9aea562ee26a65b171763c,⚠ EIP-7702 委托账户：代码执行被委托给 0x1c3630c594effaac3e9aea562ee26a65b171763c。私钥可签名，但交易会经该合约执行，存在资金被控制风险,0000000000000000000000000000000000000000000000000000000000000954,F:\CTF-任务\wj_apk\wj_apk\extracted\assets\flutter_assets\packages\flutter_inappwebview\assets\t_rex_runner\t-rex.html
bsc,0xae5a889e9e34199595685a7c8b31e0d18bd1ab1c,CTF-任务-1204,hall_haoyun,2.8e-17,,BNB,2.8e-17,False,True,False,True,0x1c3630c594effaac3e9aea562ee26a65b171763c,⚠ EIP-7702 委托账户：代码执行被委托给 0x1c3630c594effaac3e9aea562ee26a65b171763c。私钥可签名，但交易会经该合约执行，存在资金被控制风险,0000000000000000000000000000000000000000000000000000000000000354,F:\CTF-任务\hall_haoyun\hall_haoyun\apk_extracted\assets\cfg\a\DVDirectory.cfg
bsc,0xd29ba68926df26a404a89c10f28fdacade437638,CTF-任务-3484,hall_haoyun,4e-18,,BNB,4e-18,False,True,False,True,0x1c3630c594effaac3e9aea562ee26a65b171763c,⚠ EIP-7702 委托账户：代码执行被委托给 0x1c3630c594effaac3e9aea562ee26a65b171763c。私钥可签名，但交易会经该合约执行，存在资金被控制风险,0000000000000000000000000000000000000000000000000000000000000403,F:\CTF-任务\hall_haoyun\hall_haoyun\apk_extracted\assets\res\import\02\02a020c9e.json
bsc,0xd000dd27df253a8be92a8c7ec1cc3709639589fd,CTF-任务-395,evccoin,2.8e-17,,BNB,2.8e-17,False,True,False,True,0x1c3630c594effaac3e9aea562ee26a65b171763c,⚠ EIP-7702 委托账户：代码执行被委托给 0x1c3630c594effaac3e9aea562ee26a65b171763c。私钥可签名，但交易会经该合约执行，存在资金被控制风险,000000000000000000000000000000000000000000000000000000000000047b,F:\CTF-任务\evccoin\artifacts\evccoin\wordlists\rockyou.txt.gz
bsc,0xd233f09309ed04bdaf978b0bf7265da824331910,CTF-任务-3019,hall_haoyun,2.8e-17,,BNB,2.8e-17,False,True,False,True,0x1c3630c594effaac3e9aea562ee26a65b171763c,⚠ EIP-7702 委托账户：代码执行被委托给 0x1c3630c594effaac3e9aea562ee26a65b171763c。私钥可签名，但交易会经该合约执行，存在资金被控制风险,0000000000000000000000000000000000000000000000000000000000001046,F:\CTF-任务\hall_haoyun\hall_haoyun\apk_extracted\assets\cfg\idrres\ResPackIndoorMap.sdkrs
bsc,0xd1d689a063b5d0e36a1f5d924109f46823d9bb20,CTF-任务-273,gccfund,2.8e-17,,BNB,2.8e-17,False,True,False,True,0x1c3630c594effaac3e9aea562ee26a65b171763c,⚠ EIP-7702 委托账户：代码执行被委托给 0x1c3630c594effaac3e9aea562ee26a65b171763c。私钥可签名，但交易会经该合约执行，存在资金被控制风险,0000000000000000000000000000000000000000000000000000000000001260,F:\CTF-任务\gccfund\artifacts\gccfund\cache\withdrawals_recipients_agg.json
bsc,0xd444427bae2c90a6c45dc0e6ddd2fcac50abc6a7,CTF-任务-319,臻途,2.8e-17,,BNB,2.8e-17,False,True,False,True,0x1c3630c594effaac3e9aea562ee26a65b171763c,⚠ EIP-7702 委托账户：代码执行被委托给 0x1c3630c594effaac3e9aea562ee26a65b171763c。私钥可签名，但交易会经该合约执行，存在资金被控制风险,0000000000000000000000000000000000000000000000000000000000000542,F:\CTF-任务\臻途\artifacts\_待归类收回-20260916\cases-apk_analysis\apk_analysis\bundle_decompiled.js
bsc,0xd36aab638fee459dd7adbac4e16eab7af0532c5c,CTF-任务-1955,hall_haoyun,2.8e-17,,BNB,2.8e-17,False,True,False,True,0x1c3630c594effaac3e9aea562ee26a65b171763c,⚠ EIP-7702 委托账户：代码执行被委托给 0x1c3630c594effaac3e9aea562ee26a65b171763c。私钥可签名，但交易会经该合约执行，存在资金被控制风险,0000000000000000000000000000000000000000000000000000000000000961,F:\CTF-任务\hall_haoyun\hall_haoyun\apk_extracted\assets\cfg\a\mode_1\map.sdkrs
bsc,0xd7d938266baf1e8a3d8d1e05c97b9c8d6cb26bac,CTF-任务-33,anxchain,2.8e-17,,BNB,2.8e-17,False,True,False,True,0x8a67b5020ee254ef48e3b6a04927f39baf7e408a,⚠ EIP-7702 委托账户：代码执行被委托给 0x8a67b5020ee254ef48e3b6a04927f39baf7e408a。私钥可签名，但交易会经该合约执行，存在资金被控制风险,0000000000000000000000000000000000000000000000000000000000000240,F:\CTF-任务\anxchain\artifacts\anxchain\01-recon\raw\alljs-concat.js
bsc,0xd5c66db193c0a650c5de670d3c4cc58c2398cb38,CTF-任务-517,evccoin,2.8e-17,,BNB,2.8e-17,False,True,False,True,0x1c3630c594effaac3e9aea562ee26a65b171763c,⚠ EIP-7702 委托账户：代码执行被委托给 0x1c3630c594effaac3e9aea562ee26a65b171763c。私钥可签名，但交易会经该合约执行，存在资金被控制风险,0000000000000000000000000000000000000000000000000000000000000f0f,F:\CTF-任务\evccoin\artifacts\evccoin\wordlists\rockyou.txt.gz
bsc,0xd4dbeedca9ce0df9625023203dbcb7f49d51ec3c,CTF-任务-343,臻途,2.8e-17,,BNB,2.8e-17,False,True,False,True,0x1c3630c594effaac3e9aea562ee26a65b171763c,⚠ EIP-7702 委托账户：代码执行被委托给 0x1c3630c594effaac3e9aea562ee26a65b171763c。私钥可签名，但交易会经该合约执行，存在资金被控制风险,0000000000000000000000000000000000000000000000000000000000000824,F:\CTF-任务\臻途\artifacts\_待归类收回-20260916\cases-apk_analysis\apk_analysis\bundle_decompiled.js
bsc,0xc7572d69690a5bead0240ed388f6648e6ec13989,CTF-任务-3234,hall_haoyun,2.8e-17,,BNB,2.8e-17,False,True,False,True,0x1c3630c594effaac3e9aea562ee26a65b171763c,⚠ EIP-7702 委托账户：代码执行被委托给 0x1c3630c594effaac3e9aea562ee26a65b171763c。私钥可签名，但交易会经该合约执行，存在资金被控制风险,0000000000000000000000000000000000000000000000000000000000001121,F:\CTF-任务\hall_haoyun\hall_haoyun\apk_extracted\assets\cfg\idrres\ResPackIndoorMap.sdkrs
bsc,0xd9b4580c8ee95c4af527adf04417f47dd3f6c436,CTF-任务-159,hall_haoyun,2.8e-17,,BNB,2.8e-17,False,True,False,True,0x1c3630c594effaac3e9aea562ee26a65b171763c,⚠ EIP-7702 委托账户：代码执行被委托给 0x1c3630c594effaac3e9aea562ee26a65b171763c。私钥可签名，但交易会经该合约执行，存在资金被控制风险,0000000000000000000000000000000000000000000000000000000000000517,F:\CTF-任务\hall_haoyun\hall_haoyun\src_cocos2d-jsb.js
bsc,0xd97ebc6b168a8315734bbcfafb67cf62dfb17530,CTF-任务-146,bvs,2.8e-17,,BNB,2.8e-17,False,True,False,True,0x1c3630c594effaac3e9aea562ee26a65b171763c,⚠ EIP-7702 委托账户：代码执行被委托给 0x1c3630c594effaac3e9aea562ee26a65b171763c。私钥可签名，但交易会经该合约执行，存在资金被控制风险,0000000000000000000000000000000000000000000000000000000000001250,F:\CTF-任务\bvs\bvs\admin_assets\app.js
bsc,0xd473508fd1eeeb33982693787390975d9001c859,CTF-任务-1068,hall_haoyun,2.8e-17,,BNB,2.8e-17,False,True,False,True,0x1c3630c594effaac3e9aea562ee26a65b171763c,⚠ EIP-7702 委托账户：代码执行被委托给 0x1c3630c594effaac3e9aea562ee26a65b171763c。私钥可签名，但交易会经该合约执行，存在资金被控制风险,0000000000000000000000000000000000000000000000000000000000000297,F:\CTF-任务\hall_haoyun\hall_haoyun\apk_extracted\assets\cfg\a\DVDirectory.cfg
bsc,0xdc34aea6015b5d5bd7a75b1407be546b25092116,CTF-任务-361,evccoin,2.8e-17,,BNB,2.8e-17,False,True,False,True,0x1c3630c594effaac3e9aea562ee26a65b171763c,⚠ EIP-7702 委托账户：代码执行被委托给 0x1c3630c594effaac3e9aea562ee26a65b171763c。私钥可签名，但交易会经该合约执行，存在资金被控制风险,0000000000000000000000000000000000000000000000000000000000000761,F:\CTF-任务\evccoin\artifacts\evccoin\wordlists\rockyou.txt.gz
bsc,0xd2d0c31df989ae32abfac507d8a09fb78c43bc7a,CTF-任务-2922,hall_haoyun,2.8e-17,,BNB,2.8e-17,False,True,False,True,0x1c3630c594effaac3e9aea562ee26a65b171763c,⚠ EIP-7702 委托账户：代码执行被委托给 0x1c3630c594effaac3e9aea562ee26a65b171763c。私钥可签名，但交易会经该合约执行，存在资金被控制风险,0000000000000000000000000000000000000000000000000000000000001396,F:\CTF-任务\hall_haoyun\hall_haoyun\apk_extracted\assets\cfg\idrres\ResPackIndoorMap.sdkrs
bsc,0xad51f6fad1e8186f50d38220b51f64cf7b339cc7,CTF-任务-288,evccoin,2.8e-17,,BNB,2.8e-17,False,True,False,True,0x1c3630c594effaac3e9aea562ee26a65b171763c,⚠ EIP-7702 委托账户：代码执行被委托给 0x1c3630c594effaac3e9aea562ee26a65b171763c。私钥可签名，但交易会经该合约执行，存在资金被控制风险,0000000000000000000000000000000000000000000000000000000000000cec,F:\CTF-任务\evccoin\artifacts\evccoin\wordlists\rockyou.txt.gz
bsc,0xdd32f56ce53c086dfddeea0bcd1d92692c7232ae,CTF-任务-2313,hall_haoyun,2.8e-17,,BNB,2.8e-17,False,True,False,True,0x1c3630c594effaac3e9aea562ee26a65b171763c,⚠ EIP-7702 委托账户：代码执行被委托给 0x1c3630c594effaac3e9aea562ee26a65b171763c。私钥可签名，但交易会经该合约执行，存在资金被控制风险,0000000000000000000000000000000000000000000000000000000000000923,F:\CTF-任务\hall_haoyun\hall_haoyun\apk_extracted\assets\cfg\a\mode_1\map.sdkrs
bsc,0xd7e8e307b7deebc52bf234882a7646640a06d146,CTF-任务-240,lulu,2.8e-17,,BNB,2.8e-17,False,True,False,True,0x1c3630c594effaac3e9aea562ee26a65b171763c,⚠ EIP-7702 委托账户：代码执行被委托给 0x1c3630c594effaac3e9aea562ee26a65b171763c。私钥可签名，但交易会经该合约执行，存在资金被控制风险,0000000000000000000000000000000000000000000000000000000000000468,F:\CTF-任务\lulu\artifacts\lulu\cache\data.unity3d
bsc,0xdca0ce9f7767f5504921801fcbb7f55abcf70062,CTF-任务-149,bvs,2.8e-17,,BNB,2.8e-17,False,True,False,True,0x1c3630c594effaac3e9aea562ee26a65b171763c,⚠ EIP-7702 委托账户：代码执行被委托给 0x1c3630c594effaac3e9aea562ee26a65b171763c。私钥可签名，但交易会经该合约执行，存在资金被控制风险,0000000000000000000000000000000000000000000000000000000000001253,F:\CTF-任务\bvs\bvs\admin_assets\app.js
bsc,0xd2b91583f13aa8c6c09e4046c6351ab282993f14,CTF-任务-341,evccoin,2.8e-17,,BNB,2.8e-17,False,True,False,True,0x1c3630c594effaac3e9aea562ee26a65b171763c,⚠ EIP-7702 委托账户：代码执行被委托给 0x1c3630c594effaac3e9aea562ee26a65b171763c。私钥可签名，但交易会经该合约执行，存在资金被控制风险,00000000000000000000000000000000000000000000000000000000000009ad,F:\CTF-任务\evccoin\artifacts\evccoin\wordlists\rockyou.txt.gz
bsc,0xc44cd98e03c785573c882134cabe28561e048d87,CTF-任务-273,siemens,2.8e-17,,BNB,2.8e-17,False,True,False,True,0x1c3630c594effaac3e9aea562ee26a65b171763c,⚠ EIP-7702 委托账户：代码执行被委托给 0x1c3630c594effaac3e9aea562ee26a65b171763c。私钥可签名，但交易会经该合约执行，存在资金被控制风险,0000000000000000000000000000000000000000000000000000000000000495,F:\CTF-任务\siemens\siemens_scan\projects_4.json
bsc,0xdf35df6fe6cf29c2f6c92ff2f71076f1b1fe82af,CTF-任务-761,hall_haoyun,2.8e-17,,BNB,2.8e-17,False,True,False,True,0x1c3630c594effaac3e9aea562ee26a65b171763c,⚠ EIP-7702 委托账户：代码执行被委托给 0x1c3630c594effaac3e9aea562ee26a65b171763c。私钥可签名，但交易会经该合约执行，存在资金被控制风险,0000000000000000000000000000000000000000000000000000000000000269,F:\CTF-任务\hall_haoyun\hall_haoyun\apk_extracted\assets\cfg\a\DVDirectory.cfg
bsc,0xd9cc9905325081de51b54e5eb81091ff68d7c8ac,CTF-任务-1926,hall_haoyun,2.8e-17,,BNB,2.8e-17,False,True,False,True,0x1c3630c594effaac3e9aea562ee26a65b171763c,⚠ EIP-7702 委托账户：代码执行被委托给 0x1c3630c594effaac3e9aea562ee26a65b171763c。私钥可签名，但交易会经该合约执行，存在资金被控制风险,0000000000000000000000000000000000000000000000000000000000000589,F:\CTF-任务\hall_haoyun\hall_haoyun\apk_extracted\assets\cfg\a\mode_1\map.sdkrs
bsc,0xdffb1afebb5b04a369606c530dfe198d24134eee,CTF-任务-2364,hall_haoyun,2.8e-17,,BNB,2.8e-17,False,True,False,True,0x1c3630c594effaac3e9aea562ee26a65b171763c,⚠ EIP-7702 委托账户：代码执行被委托给 0x1c3630c594effaac3e9aea562ee26a65b171763c。私钥可签名，但交易会经该合约执行，存在资金被控制风险,0000000000000000000000000000000000000000000000000000000000000934,F:\CTF-任务\hall_haoyun\hall_haoyun\apk_extracted\assets\cfg\a\mode_1\map.sdkrs
bsc,0xe0b8349d1081450ee94fcb428ce4a3015274f3ee,CTF-任务-458,nxpro,2.8e-17,,BNB,2.8e-17,False,True,False,True,0x1c3630c594effaac3e9aea562ee26a65b171763c,⚠ EIP-7702 委托账户：代码执行被委托给 0x1c3630c594effaac3e9aea562ee26a65b171763c。私钥可签名，但交易会经该合约执行，存在资金被控制风险,0000000000000000000000000000000000000000000000000000000000000477,F:\CTF-任务\nxpro\artifacts\nxpro\cache\rockyou.txt.tar.gz
bsc,0xde25eb7bfb1877570e5a9a79ad483c1451debbe4,CTF-任务-306,臻途,2.8e-17,,BNB,2.8e-17,False,True,False,True,0x1c3630c594effaac3e9aea562ee26a65b171763c,⚠ EIP-7702 委托账户：代码执行被委托给 0x1c3630c594effaac3e9aea562ee26a65b171763c。私钥可签名，但交易会经该合约执行，存在资金被控制风险,0000000000000000000000000000000000000000000000000000000000000715,F:\CTF-任务\臻途\artifacts\_待归类收回-20260916\cases-apk_analysis\apk_analysis\bundle_decompiled.js
bsc,0xdcf220ee4b023f6e4884ded1e8d14738b38cabb3,CTF-任务-35,hall_haoyun,2.8e-17,,BNB,2.8e-17,False,True,False,True,0x1c3630c594effaac3e9aea562ee26a65b171763c,⚠ EIP-7702 委托账户：代码执行被委托给 0x1c3630c594effaac3e9aea562ee26a65b171763c。私钥可签名，但交易会经该合约执行，存在资金被控制风险,0000000000000000000000000000000000000000000000000000000000000929,F:\CTF-任务\hall_haoyun\hall_haoyun\apk_extracted\assets\res\import\0c\0c45c91e1.json
bsc,0xdd371bc3594e563fe520f6ff3a7f88cbbcdbec84,CTF-任务-115,lulu,2.8e-17,,BNB,2.8e-17,False,True,False,True,0x1c3630c594effaac3e9aea562ee26a65b171763c,⚠ EIP-7702 委托账户：代码执行被委托给 0x1c3630c594effaac3e9aea562ee26a65b171763c。私钥可签名，但交易会经该合约执行，存在资金被控制风险,0000000000000000000000000000000000000000000000000000000000000950,F:\CTF-任务\lulu\artifacts\lulu\cache\data.unity3d
bsc,0xe05fba8f479ce55e574c4c51091f8073c8c51dac,CTF-任务-2116,hall_haoyun,2.8e-17,,BNB,2.8e-17,False,True,False,True,0x1c3630c594effaac3e9aea562ee26a65b171763c,⚠ EIP-7702 委托账户：代码执行被委托给 0x1c3630c594effaac3e9aea562ee26a65b171763c。私钥可签名，但交易会经该合约执行，存在资金被控制风险,0000000000000000000000000000000000000000000000000000000000000965,F:\CTF-任务\hall_haoyun\hall_haoyun\apk_extracted\assets\cfg\a\mode_1\map.sdkrs
bsc,0xe2a5b8f6384682ee40d0dc5baec7d20aa77c261a,CTF-任务-383,evccoin,2.8e-17,,BNB,2.8e-17,False,True,False,True,0x1c3630c594effaac3e9aea562ee26a65b171763c,⚠ EIP-7702 委托账户：代码执行被委托给 0x1c3630c594effaac3e9aea562ee26a65b171763c。私钥可签名，但交易会经该合约执行，存在资金被控制风险,0000000000000000000000000000000000000000000000000000000000000aae,F:\CTF-任务\evccoin\artifacts\evccoin\wordlists\rockyou.txt.gz
bsc,0xe348375bac630c302565da27765351a6e7fa145c,CTF-任务-2949,hall_haoyun,2.8e-17,,BNB,2.8e-17,False,True,False,True,0x1c3630c594effaac3e9aea562ee26a65b171763c,⚠ EIP-7702 委托账户：代码执行被委托给 0x1c3630c594effaac3e9aea562ee26a65b171763c。私钥可签名，但交易会经该合约执行，存在资金被控制风险,0000000000000000000000000000000000000000000000000000000000001257,F:\CTF-任务\hall_haoyun\hall_haoyun\apk_extracted\assets\cfg\idrres\ResPackIndoorMap.sdkrs
bsc,0xd9f702a4a8b339af4bbcb948ca7c6c7035a0737a,CTF-任务-1540,hall_haoyun,2.8e-17,,BNB,2.8e-17,False,True,False,True,0x1c3630c594effaac3e9aea562ee26a65b171763c,⚠ EIP-7702 委托账户：代码执行被委托给 0x1c3630c594effaac3e9aea562ee26a65b171763c。私钥可签名，但交易会经该合约执行，存在资金被控制风险,0000000000000000000000000000000000000000000000000000000000000244,F:\CTF-任务\hall_haoyun\hall_haoyun\apk_extracted\assets\cfg\a\DVDirectory.cfg
bsc,0xdd49e22e033e8889d38a5d5dbcedd3f1178f173e,CTF-任务-1142,hall_haoyun,2.8e-17,,BNB,2.8e-17,False,True,False,True,0x1c3630c594effaac3e9aea562ee26a65b171763c,⚠ EIP-7702 委托账户：代码执行被委托给 0x1c3630c594effaac3e9aea562ee26a65b171763c。私钥可签名，但交易会经该合约执行，存在资金被控制风险,0000000000000000000000000000000000000000000000000000000000000288,F:\CTF-任务\hall_haoyun\hall_haoyun\apk_extracted\assets\cfg\a\DVDirectory.cfg
bsc,0xe159de64d372a057c818a9cb02529300b69e6d21,CTF-任务-21,hall_haoyun,2.8e-17,,BNB,2.8e-17,False,True,False,True,0x1c3630c594effaac3e9aea562ee26a65b171763c,⚠ EIP-7702 委托账户：代码执行被委托给 0x1c3630c594effaac3e9aea562ee26a65b171763c。私钥可签名，但交易会经该合约执行，存在资金被控制风险,0000000000000000000000000000000000000000000000000000000000000560,F:\CTF-任务\hall_haoyun\hall_haoyun\apk_extracted\assets\res\import\0c\0c45c91e1.json
bsc,0xde704795609ba3bdc18a107e0054cc563c92e36d,CTF-任务-159,bvs,2.8e-17,,BNB,2.8e-17,False,True,False,True,0x1c3630c594effaac3e9aea562ee26a65b171763c,⚠ EIP-7702 委托账户：代码执行被委托给 0x1c3630c594effaac3e9aea562ee26a65b171763c。私钥可签名，但交易会经该合约执行，存在资金被控制风险,0000000000000000000000000000000000000000000000000000000000001377,F:\CTF-任务\bvs\bvs\admin_assets\app.js
bsc,0xcc2e9816fd6c82479393699282e8c4292d16dba1,CTF-任务-2143,hall_haoyun,2.8e-17,,BNB,2.8e-17,False,True,False,True,0x1c3630c594effaac3e9aea562ee26a65b171763c,⚠ EIP-7702 委托账户：代码执行被委托给 0x1c3630c594effaac3e9aea562ee26a65b171763c。私钥可签名，但交易会经该合约执行，存在资金被控制风险,0000000000000000000000000000000000000000000000000000000000000945,F:\CTF-任务\hall_haoyun\hall_haoyun\apk_extracted\assets\cfg\a\mode_1\map.sdkrs
bsc,0xe685a40ca80586574fbad4b575b355fdebc142a0,CTF-任务-250,hall_haoyun,2.8e-17,,BNB,2.8e-17,False,True,False,True,0x1c3630c594effaac3e9aea562ee26a65b171763c,⚠ EIP-7702 委托账户：代码执行被委托给 0x1c3630c594effaac3e9aea562ee26a65b171763c。私钥可签名，但交易会经该合约执行，存在资金被控制风险,0000000000000000000000000000000000000000000000000000000000000289,F:\CTF-任务\hall_haoyun\hall_haoyun\apk_extracted\assets\cfg\a\DVDirectory.cfg
bsc,0xe5c1ea09a12d5b9a51b32489032884c809d0c936,CTF-任务-151,onchainsage,2.8e-17,,BNB,2.8e-17,False,True,False,True,0x1c3630c594effaac3e9aea562ee26a65b171763c,⚠ EIP-7702 委托账户：代码执行被委托给 0x1c3630c594effaac3e9aea562ee26a65b171763c。私钥可签名，但交易会经该合约执行，存在资金被控制风险,0000000000000000000000000000000000000000000000000000000000000433,F:\CTF-任务\onchainsage\onchainsage\repos\onchainsage\apps\data-processing\data\sentiment_lstm_model.h5
bsc,0xe8619867ffaf3668193a51cf59838d9b67d08fd9,CTF-任务-143,hall_haoyun,2.8e-17,,BNB,2.8e-17,False,True,False,True,0x1c3630c594effaac3e9aea562ee26a65b171763c,⚠ EIP-7702 委托账户：代码执行被委托给 0x1c3630c594effaac3e9aea562ee26a65b171763c。私钥可签名，但交易会经该合约执行，存在资金被控制风险,0000000000000000000000000000000000000000000000000000000000000512,F:\CTF-任务\hall_haoyun\hall_haoyun\src_cocos2d-jsb.js
bsc,0xc1c2cd2cd2117072b78d95c51a022c63156d3104,CTF-任务-3283,hall_haoyun,2.8e-17,,BNB,2.8e-17,False,True,False,True,0x1c3630c594effaac3e9aea562ee26a65b171763c,⚠ EIP-7702 委托账户：代码执行被委托给 0x1c3630c594effaac3e9aea562ee26a65b171763c。私钥可签名，但交易会经该合约执行，存在资金被控制风险,0000000000000000000000000000000000000000000000000000000000001971,F:\CTF-任务\hall_haoyun\hall_haoyun\apk_extracted\assets\cfg\idrres\ResPackIndoorMap.sdkrs
bsc,0xe496248c5a4abf421e15a192de7a2e082a98b700,CTF-任务-169,oraswap,2.8e-17,,BNB,2.8e-17,False,True,False,True,0x1c3630c594effaac3e9aea562ee26a65b171763c,⚠ EIP-7702 委托账户：代码执行被委托给 0x1c3630c594effaac3e9aea562ee26a65b171763c。私钥可签名，但交易会经该合约执行，存在资金被控制风险,0000000000000000000000000000000000000000000000000000000000000409,F:\CTF-任务\oraswap\oraswap\web3.js
bsc,0xea5a8b7c8ae6f6acee81d5e8da5cb242e47be65f,CTF-任务-1365,hall_haoyun,2.8e-17,,BNB,2.8e-17,False,True,False,True,0x1c3630c594effaac3e9aea562ee26a65b171763c,⚠ EIP-7702 委托账户：代码执行被委托给 0x1c3630c594effaac3e9aea562ee26a65b171763c。私钥可签名，但交易会经该合约执行，存在资金被控制风险,0000000000000000000000000000000000000000000000000000000000000242,F:\CTF-任务\hall_haoyun\hall_haoyun\apk_extracted\assets\cfg\a\DVDirectory.cfg
bsc,0xe486fb581c8e6063f513919110622a269e4e0b33,CTF-任务-352,wcn,2.8e-17,,BNB,2.8e-17,False,True,False,True,0x1c3630c594effaac3e9aea562ee26a65b171763c,⚠ EIP-7702 委托账户：代码执行被委托给 0x1c3630c594effaac3e9aea562ee26a65b171763c。私钥可签名，但交易会经该合约执行，存在资金被控制风险,0000000000000000000000000000000000000000000000000000000000000562,F:\CTF-任务\wcn\rootfs-extract\wcn_extract\etc\wallet-chain-node\wallet-chain-node
bsc,0xe79da7d1b4088bfba4899a5c40c6e6d19c9e05fb,CTF-任务-306,gccfund,2.8e-17,,BNB,2.8e-17,False,True,False,True,0x1c3630c594effaac3e9aea562ee26a65b171763c,⚠ EIP-7702 委托账户：代码执行被委托给 0x1c3630c594effaac3e9aea562ee26a65b171763c。私钥可签名，但交易会经该合约执行，存在资金被控制风险,0000000000000000000000000000000000000000000000000000000000000276,F:\CTF-任务\gccfund\artifacts\gccfund\cache\withdrawals_recipients_agg.json
bsc,0xeae4b6035a4455f31944b3a32e8ae1932289c9d4,CTF-任务-198,lulu,2.8e-17,,BNB,2.8e-17,False,True,False,True,0x1c3630c594effaac3e9aea562ee26a65b171763c,⚠ EIP-7702 委托账户：代码执行被委托给 0x1c3630c594effaac3e9aea562ee26a65b171763c。私钥可签名，但交易会经该合约执行，存在资金被控制风险,0000000000000000000000000000000000000000000000000000000000000460,F:\CTF-任务\lulu\artifacts\lulu\cache\data.unity3d
bsc,0xeb60b2f6ffc7c2ea03e85765b6c6d32de4505b7a,CTF-任务-1247,hall_haoyun,2.8e-17,,BNB,2.8e-17,False,True,False,True,0x1c3630c594effaac3e9aea562ee26a65b171763c,⚠ EIP-7702 委托账户：代码执行被委托给 0x1c3630c594effaac3e9aea562ee26a65b171763c。私钥可签名，但交易会经该合约执行，存在资金被控制风险,0000000000000000000000000000000000000000000000000000000000000328,F:\CTF-任务\hall_haoyun\hall_haoyun\apk_extracted\assets\cfg\a\DVDirectory.cfg
bsc,0xf1ea290935dcc40e7d5fd59c00196ca858223e99,CTF-任务-1696,hall_haoyun,2.8e-17,,BNB,2.8e-17,False,True,False,True,0x1c3630c594effaac3e9aea562ee26a65b171763c,⚠ EIP-7702 委托账户：代码执行被委托给 0x1c3630c594effaac3e9aea562ee26a65b171763c。私钥可签名，但交易会经该合约执行，存在资金被控制风险,0000000000000000000000000000000000000000000000000000000000000473,F:\CTF-任务\hall_haoyun\hall_haoyun\apk_extracted\assets\cfg\a\mode_1\map.sdkrs
bsc,0xf1040b7ef1a3998ab8698b4c8831b7032886bc49,CTF-任务-90,wcn,2.8e-17,,BNB,2.8e-17,False,True,False,True,0x1c3630c594effaac3e9aea562ee26a65b171763c,⚠ EIP-7702 委托账户：代码执行被委托给 0x1c3630c594effaac3e9aea562ee26a65b171763c。私钥可签名，但交易会经该合约执行，存在资金被控制风险,00000000000000000000000000000000000000000000000000000000000009a8,F:\CTF-任务\wcn\images\wca_img\layer3.tar
bsc,0xf18e0516f4085ece218ed064f24c2b3c534735ad,CTF-任务-236,arig-aster,2.8e-17,,BNB,2.8e-17,False,True,False,True,0x1c3630c594effaac3e9aea562ee26a65b171763c,⚠ EIP-7702 委托账户：代码执行被委托给 0x1c3630c594effaac3e9aea562ee26a65b171763c。私钥可签名，但交易会经该合约执行，存在资金被控制风险,0000000000000000000000000000000000000000000000000000000000000294,F:\CTF-任务\arig-aster\artifacts\arig-aster\02-web\passive\us_result.html
bsc,0xdfb20e2e0cc2531642bbc603cf0cc6fd87eedb41,CTF-任务-23,hall_haoyun,2.8e-17,,BNB,2.8e-17,False,True,False,True,0x1c3630c594effaac3e9aea562ee26a65b171763c,⚠ EIP-7702 委托账户：代码执行被委托给 0x1c3630c594effaac3e9aea562ee26a65b171763c。私钥可签名，但交易会经该合约执行，存在资金被控制风险,0000000000000000000000000000000000000000000000000000000000000649,F:\CTF-任务\hall_haoyun\hall_haoyun\apk_extracted\assets\res\import\0c\0c45c91e1.json
bsc,0xebafcaa07b2aaf56f4fb9ab1fe4f8a9dcf5e1e94,CTF-任务-357,wj_apk,2.8e-17,,BNB,2.8e-17,False,True,False,True,0x1c3630c594effaac3e9aea562ee26a65b171763c,⚠ EIP-7702 委托账户：代码执行被委托给 0x1c3630c594effaac3e9aea562ee26a65b171763c。私钥可签名，但交易会经该合约执行，存在资金被控制风险,0000000000000000000000000000000000000000000000000000000000000493,F:\CTF-任务\wj_apk\wj_apk\evidence\wallet_records.jsonl
bsc,0xeea2889a6cd3ecccc9f8caf428685f8fdf997f0a,CTF-任务-728,wj_apk,2.8e-17,,BNB,2.8e-17,False,True,False,True,0x1c3630c594effaac3e9aea562ee26a65b171763c,⚠ EIP-7702 委托账户：代码执行被委托给 0x1c3630c594effaac3e9aea562ee26a65b171763c。私钥可签名，但交易会经该合约执行，存在资金被控制风险,0000000000000000000000000000000000000000000000000000000000001320,F:\CTF-任务\wj_apk\wj_apk\evidence\wallet_records.jsonl
bsc,0xebe840a39589cc6bfe754001b46d8425ead24319,CTF-任务-159,originworld,2.8e-17,,BNB,2.8e-17,False,True,False,True,0x1c3630c594effaac3e9aea562ee26a65b171763c,⚠ EIP-7702 委托账户：代码执行被委托给 0x1c3630c594effaac3e9aea562ee26a65b171763c。私钥可签名，但交易会经该合约执行，存在资金被控制风险,00000000000000000000000000000000000000000000000000000000000004e8,F:\CTF-任务\originworld\originworld_scan\trp2102\translatepress-multilingual\assets\js\trp-lang-switcher-configurator.js
bsc,0xf20d010178b5b35c460274d9f6b516a24241f170,CTF-任务-706,hall_haoyun,2.8e-17,,BNB,2.8e-17,False,True,False,True,0x1c3630c594effaac3e9aea562ee26a65b171763c,⚠ EIP-7702 委托账户：代码执行被委托给 0x1c3630c594effaac3e9aea562ee26a65b171763c。私钥可签名，但交易会经该合约执行，存在资金被控制风险,0000000000000000000000000000000000000000000000000000000000001277,F:\CTF-任务\hall_haoyun\hall_haoyun\apk_extracted\assets\cfg\a\DVDirectory.cfg
bsc,0xf237d0f4ade2291db00818e3aa816760ea85f10e,CTF-任务-2265,hall_haoyun,2.8e-17,,BNB,2.8e-17,False,True,False,True,0x1c3630c594effaac3e9aea562ee26a65b171763c,⚠ EIP-7702 委托账户：代码执行被委托给 0x1c3630c594effaac3e9aea562ee26a65b171763c。私钥可签名，但交易会经该合约执行，存在资金被控制风险,0000000000000000000000000000000000000000000000000000000000000933,F:\CTF-任务\hall_haoyun\hall_haoyun\apk_extracted\assets\cfg\a\mode_1\map.sdkrs
bsc,0xedde91ed94463c10ac9b0001edca3c068d8e226b,CTF-任务-21,aixai,2.8e-17,,BNB,2.8e-17,False,True,False,True,0x1c3630c594effaac3e9aea562ee26a65b171763c,⚠ EIP-7702 委托账户：代码执行被委托给 0x1c3630c594effaac3e9aea562ee26a65b171763c。私钥可签名，但交易会经该合约执行，存在资金被控制风险,0000000000000000000000000000000000000000000000000000000000000253,F:\CTF-任务\aixai\aixai\apk_full\assets\public\lottie-json\PC2hcX2.json
bsc,0xe94b88e3c2b72e1a1931960f723f4ca5c5dd2f48,CTF-任务-162,臻途,2.8e-17,,BNB,2.8e-17,False,True,False,True,0x1c3630c594effaac3e9aea562ee26a65b171763c,⚠ EIP-7702 委托账户：代码执行被委托给 0x1c3630c594effaac3e9aea562ee26a65b171763c。私钥可签名，但交易会经该合约执行，存在资金被控制风险,0000000000000000000000000000000000000000000000000000000000000671,F:\CTF-任务\臻途\artifacts\_待归类收回-20260916\cases-apk_analysis\apk_analysis\bundle_decompiled.js
bsc,0xf354128a0e2ab91c99f7467d0cd150a4219d69ca,CTF-任务-4,hall_haoyun,2.8e-17,,BNB,2.8e-17,False,True,False,True,0x1c3630c594effaac3e9aea562ee26a65b171763c,⚠ EIP-7702 委托账户：代码执行被委托给 0x1c3630c594effaac3e9aea562ee26a65b171763c。私钥可签名，但交易会经该合约执行，存在资金被控制风险,0000000000000000000000000000000000000000000000000000000000000539,F:\CTF-任务\hall_haoyun\hall_haoyun\apk_extracted\assets\res\import\09\097e4d005.json
bsc,0xf65abd13a8bcda344b93aef23e87e91409d85224,CTF-任务-2343,hall_haoyun,2.8e-17,,BNB,2.8e-17,False,True,False,True,0x1c3630c594effaac3e9aea562ee26a65b171763c,⚠ EIP-7702 委托账户：代码执行被委托给 0x1c3630c594effaac3e9aea562ee26a65b171763c。私钥可签名，但交易会经该合约执行，存在资金被控制风险,0000000000000000000000000000000000000000000000000000000000001154,F:\CTF-任务\hall_haoyun\hall_haoyun\apk_extracted\assets\cfg\a\mode_1\map.sdkrs
bsc,0xf34f651f88e5803b4e77c330e1fc1a6db9502803,CTF-任务-148,originworld,2.8e-17,,BNB,2.8e-17,False,True,False,True,0x1c3630c594effaac3e9aea562ee26a65b171763c,⚠ EIP-7702 委托账户：代码执行被委托给 0x1c3630c594effaac3e9aea562ee26a65b171763c。私钥可签名，但交易会经该合约执行，存在资金被控制风险,0000000000000000000000000000000000000000000000000000000000001301,F:\CTF-任务\originworld\originworld_scan\awake_main.js
bsc,0xf4ad41395e48ace83ef3a9ac87c8c2e8edc3ff4c,CTF-任务-133,mana,4e-18,,BNB,4e-18,False,True,False,True,0x1c3630c594effaac3e9aea562ee26a65b171763c,⚠ EIP-7702 委托账户：代码执行被委托给 0x1c3630c594effaac3e9aea562ee26a65b171763c。私钥可签名，但交易会经该合约执行，存在资金被控制风险,0000000000000000000000000000000000000000000000000000000000001400,F:\CTF-任务\mana\artifacts\mana\raw\main.dart.js
bsc,0xf2ef1f83a8b0c4c756ebca455824fa403af30850,CTF-任务-12,hall_haoyun,2.8e-17,,BNB,2.8e-17,False,True,False,True,0x1c3630c594effaac3e9aea562ee26a65b171763c,⚠ EIP-7702 委托账户：代码执行被委托给 0x1c3630c594effaac3e9aea562ee26a65b171763c。私钥可签名，但交易会经该合约执行，存在资金被控制风险,0000000000000000000000000000000000000000000000000000000000000423,F:\CTF-任务\hall_haoyun\hall_haoyun\apk_extracted\assets\res\import\0b\0b97dabda.json
bsc,0xf56ac4c71f4609c56f0f4b06200bb6c42c601211,CTF-任务-511,wj_apk,2.8e-17,,BNB,2.8e-17,False,True,False,True,0x1c3630c594effaac3e9aea562ee26a65b171763c,⚠ EIP-7702 委托账户：代码执行被委托给 0x1c3630c594effaac3e9aea562ee26a65b171763c。私钥可签名，但交易会经该合约执行，存在资金被控制风险,0000000000000000000000000000000000000000000000000000000000000397,F:\CTF-任务\wj_apk\wj_apk\evidence\wallet_records.jsonl
bsc,0xf4196b6a57cba1daec83b08b9d722c8f75ded6d8,CTF-任务-452,wcn,2.8e-17,,BNB,2.8e-17,False,True,False,True,0x1c3630c594effaac3e9aea562ee26a65b171763c,⚠ EIP-7702 委托账户：代码执行被委托给 0x1c3630c594effaac3e9aea562ee26a65b171763c。私钥可签名，但交易会经该合约执行，存在资金被控制风险,0000000000000000000000000000000000000000000000000000000000000393,F:\CTF-任务\wcn\rootfs-extract\wcn_extract\lib\ld-musl-x86_64.so.1
bsc,0xf1b00550672b1913a7df29d98d5a25d8953027df,CTF-任务-8,pjuyr,2.8e-17,,BNB,2.8e-17,False,True,False,True,0x1c3630c594effaac3e9aea562ee26a65b171763c,⚠ EIP-7702 委托账户：代码执行被委托给 0x1c3630c594effaac3e9aea562ee26a65b171763c。私钥可签名，但交易会经该合约执行，存在资金被控制风险,0000000000000000000000000000000000000000000000000000000000001316,F:\CTF-任务\pjuyr\all_assets\pjuyr_all_assets\data\config_snapshot.json
bsc,0xf4ce4846edd8441fabfc17707898f7852598c73a,CTF-任务-705,wj_apk,2.8e-17,,BNB,2.8e-17,False,True,False,True,0x1c3630c594effaac3e9aea562ee26a65b171763c,⚠ EIP-7702 委托账户：代码执行被委托给 0x1c3630c594effaac3e9aea562ee26a65b171763c。私钥可签名，但交易会经该合约执行，存在资金被控制风险,0000000000000000000000000000000000000000000000000000000000000461,F:\CTF-任务\wj_apk\wj_apk\evidence\wallet_records.jsonl
bsc,0xefe1d7f91a39edec6fb15982845f784ecf907f51,CTF-任务-399,hall_haoyun,2.8e-17,,BNB,2.8e-17,False,True,False,True,0x1c3630c594effaac3e9aea562ee26a65b171763c,⚠ EIP-7702 委托账户：代码执行被委托给 0x1c3630c594effaac3e9aea562ee26a65b171763c。私钥可签名，但交易会经该合约执行，存在资金被控制风险,0000000000000000000000000000000000000000000000000000000000000359,F:\CTF-任务\hall_haoyun\hall_haoyun\apk_extracted\assets\cfg\a\DVDirectory.cfg
bsc,0xe9183f0751baf90b2d23ec9ee619653b65af8b8a,CTF-任务-2074,hall_haoyun,2.8e-17,,BNB,2.8e-17,False,True,False,True,0x1c3630c594effaac3e9aea562ee26a65b171763c,⚠ EIP-7702 委托账户：代码执行被委托给 0x1c3630c594effaac3e9aea562ee26a65b171763c。私钥可签名，但交易会经该合约执行，存在资金被控制风险,0000000000000000000000000000000000000000000000000000000000000967,F:\CTF-任务\hall_haoyun\hall_haoyun\apk_extracted\assets\cfg\a\mode_1\map.sdkrs
bsc,0xf6c239edd6cc0e582e4cd326f9da7c41fa11ba11,CTF-任务-104,bvs,2.8e-17,,BNB,2.8e-17,False,True,False,True,0x8a67b5020ee254ef48e3b6a04927f39baf7e408a,⚠ EIP-7702 委托账户：代码执行被委托给 0x8a67b5020ee254ef48e3b6a04927f39baf7e408a。私钥可签名，但交易会经该合约执行，存在资金被控制风险,0000000000000000000000000000000000000000000000000000000000000490,F:\CTF-任务\bvs\bvs\frontend.js
bsc,0xf84e24f94ff5dc40969cc38565cda0788ffc256b,CTF-任务-1328,hall_haoyun,2.8e-17,,BNB,2.8e-17,False,True,False,True,0x1c3630c594effaac3e9aea562ee26a65b171763c,⚠ EIP-7702 委托账户：代码执行被委托给 0x1c3630c594effaac3e9aea562ee26a65b171763c。私钥可签名，但交易会经该合约执行，存在资金被控制风险,0000000000000000000000000000000000000000000000000000000000000331,F:\CTF-任务\hall_haoyun\hall_haoyun\apk_extracted\assets\cfg\a\DVDirectory.cfg
bsc,0xf72a0df65b496ad322f662ed3d34556712766fd1,CTF-任务-276,gccfund,2.8e-17,,BNB,2.8e-17,False,True,False,True,0x1c3630c594effaac3e9aea562ee26a65b171763c,⚠ EIP-7702 委托账户：代码执行被委托给 0x1c3630c594effaac3e9aea562ee26a65b171763c。私钥可签名，但交易会经该合约执行，存在资金被控制风险,0000000000000000000000000000000000000000000000000000000000001115,F:\CTF-任务\gccfund\artifacts\gccfund\cache\withdrawals_recipients_agg.json
bsc,0xf687ac93519d4ff6a22b734a66fd25260feb684b,CTF-任务-134,siemens,2.8e-17,,BNB,2.8e-17,False,True,False,True,0x1c3630c594effaac3e9aea562ee26a65b171763c,⚠ EIP-7702 委托账户：代码执行被委托给 0x1c3630c594effaac3e9aea562ee26a65b171763c。私钥可签名，但交易会经该合约执行，存在资金被控制风险,0000000000000000000000000000000000000000000000000000000000000928,F:\CTF-任务\siemens\siemens_scan\projects_2.json
bsc,0xfa7ce98b940958d962ce930ceda9bb74fe9a132c,CTF-任务-505,evccoin,2.8e-17,,BNB,2.8e-17,False,True,False,True,0x1c3630c594effaac3e9aea562ee26a65b171763c,⚠ EIP-7702 委托账户：代码执行被委托给 0x1c3630c594effaac3e9aea562ee26a65b171763c。私钥可签名，但交易会经该合约执行，存在资金被控制风险,0000000000000000000000000000000000000000000000000000000000000f54,F:\CTF-任务\evccoin\artifacts\evccoin\wordlists\rockyou.txt.gz
bsc,0xfb77a268fde7d76d1a0e97433044e357572e76c1,CTF-任务-29,hall_haoyun,2.8e-17,,BNB,2.8e-17,False,True,False,True,0x1c3630c594effaac3e9aea562ee26a65b171763c,⚠ EIP-7702 委托账户：代码执行被委托给 0x1c3630c594effaac3e9aea562ee26a65b171763c。私钥可签名，但交易会经该合约执行，存在资金被控制风险,0000000000000000000000000000000000000000000000000000000000000728,F:\CTF-任务\hall_haoyun\hall_haoyun\apk_extracted\assets\res\import\0c\0c45c91e1.json
bsc,0xfc65da473e714a78bf183c0fd2ac8765e119af5e,CTF-任务-158,dtcworld,2.8e-17,,BNB,2.8e-17,False,True,False,True,0x1c3630c594effaac3e9aea562ee26a65b171763c,⚠ EIP-7702 委托账户：代码执行被委托给 0x1c3630c594effaac3e9aea562ee26a65b171763c。私钥可签名，但交易会经该合约执行，存在资金被控制风险,0000000000000000000000000000000000000000000000000000000000000257,F:\CTF-任务\dtcworld\artifacts\dtcworld\01-recon\raw\js\chunk-vendors.e12b5988.js
bsc,0xf8f501e98daad5eeb6aa01389da307c71dd02f2d,CTF-任务-3040,hall_haoyun,2.8e-17,,BNB,2.8e-17,False,True,False,True,0x1c3630c594effaac3e9aea562ee26a65b171763c,⚠ EIP-7702 委托账户：代码执行被委托给 0x1c3630c594effaac3e9aea562ee26a65b171763c。私钥可签名，但交易会经该合约执行，存在资金被控制风险,0000000000000000000000000000000000000000000000000000000000001496,F:\CTF-任务\hall_haoyun\hall_haoyun\apk_extracted\assets\cfg\idrres\ResPackIndoorMap.sdkrs
bsc,0xf90b4b52ba069260426ebfa0df065c6d051a431c,CTF-任务-301,evccoin,2.8e-17,,BNB,2.8e-17,False,True,False,True,0x1c3630c594effaac3e9aea562ee26a65b171763c,⚠ EIP-7702 委托账户：代码执行被委托给 0x1c3630c594effaac3e9aea562ee26a65b171763c。私钥可签名，但交易会经该合约执行，存在资金被控制风险,0000000000000000000000000000000000000000000000000000000000000667,F:\CTF-任务\evccoin\artifacts\evccoin\wordlists\rockyou.txt.gz
bsc,0xf9d2356870f4702707eb6a50c863c8f1addd8c35,CTF-任务-293,gccfund,2.8e-17,,BNB,2.8e-17,False,True,False,True,0x1c3630c594effaac3e9aea562ee26a65b171763c,⚠ EIP-7702 委托账户：代码执行被委托给 0x1c3630c594effaac3e9aea562ee26a65b171763c。私钥可签名，但交易会经该合约执行，存在资金被控制风险,0000000000000000000000000000000000000000000000000000000000000434,F:\CTF-任务\gccfund\artifacts\gccfund\cache\withdrawals_recipients_agg.json
bsc,0xee8694e23c06663ff553325be2c353c1b7074ed1,CTF-任务-89,aixai,2.8e-17,,BNB,2.8e-17,False,True,False,True,0x1c3630c594effaac3e9aea562ee26a65b171763c,⚠ EIP-7702 委托账户：代码执行被委托给 0x1c3630c594effaac3e9aea562ee26a65b171763c。私钥可签名，但交易会经该合约执行，存在资金被控制风险,0000000000000000000000000000000000000000000000000000000000001218,F:\CTF-任务\aixai\aixai\apk_full\assets\public\lottie-json\h5-middle-v3.json
bsc,0xfc1fe212346b88460689dab37d1d9f1d19e80cae,CTF-任务-295,wcn,2.8e-17,,BNB,2.8e-17,False,True,False,True,0x1c3630c594effaac3e9aea562ee26a65b171763c,⚠ EIP-7702 委托账户：代码执行被委托给 0x1c3630c594effaac3e9aea562ee26a65b171763c。私钥可签名，但交易会经该合约执行，存在资金被控制风险,0000000000000000000000000000000000000000000000000000000000000acb,F:\CTF-任务\wcn\rootfs-extract\wcn_extract\etc\wallet-chain-node\wallet-chain-node
bsc,0xfe7ce2d01537a980d351a886d95d7b40dddd064a,CTF-任务-131,bvs,2.8e-17,,BNB,2.8e-17,False,True,False,True,0x1c3630c594effaac3e9aea562ee26a65b171763c,⚠ EIP-7702 委托账户：代码执行被委托给 0x1c3630c594effaac3e9aea562ee26a65b171763c。私钥可签名，但交易会经该合约执行，存在资金被控制风险,0000000000000000000000000000000000000000000000000000000000001112,F:\CTF-任务\bvs\bvs\admin_assets\app.js
bsc,0xf998c1426aa0b482cd898307af5e3c7dd7a7d20b,CTF-任务-841,臻途,2.8e-17,,BNB,2.8e-17,False,True,False,True,0x1c3630c594effaac3e9aea562ee26a65b171763c,⚠ EIP-7702 委托账户：代码执行被委托给 0x1c3630c594effaac3e9aea562ee26a65b171763c。私钥可签名，但交易会经该合约执行，存在资金被控制风险,0000000000000000000000000000000000000000000000000000000000000ced,F:\CTF-任务\臻途\artifacts\_待归类收回-20260916\cases-apk_analysis\apk_analysis\ota_latest.hbc
bsc,0xf78bcabad248f0937bdcfb1b9c21fc403d176860,CTF-任务-1224,hall_haoyun,2.8e-17,,BNB,2.8e-17,False,True,False,True,0x1c3630c594effaac3e9aea562ee26a65b171763c,⚠ EIP-7702 委托账户：代码执行被委托给 0x1c3630c594effaac3e9aea562ee26a65b171763c。私钥可签名，但交易会经该合约执行，存在资金被控制风险,0000000000000000000000000000000000000000000000000000000000000238,F:\CTF-任务\hall_haoyun\hall_haoyun\apk_extracted\assets\cfg\a\DVDirectory.cfg
